-- phpMyAdmin SQL Dump
-- version 5.2.1
-- https://www.phpmyadmin.net/
--
-- Anamakine: localhost
-- Üretim Zamanı: 02 Mar 2026, 16:51:11
-- Sunucu sürümü: 10.4.28-MariaDB
-- PHP Sürümü: 8.1.17

SET SQL_MODE = "NO_AUTO_VALUE_ON_ZERO";
START TRANSACTION;
SET time_zone = "+00:00";


/*!40101 SET @OLD_CHARACTER_SET_CLIENT=@@CHARACTER_SET_CLIENT */;
/*!40101 SET @OLD_CHARACTER_SET_RESULTS=@@CHARACTER_SET_RESULTS */;
/*!40101 SET @OLD_COLLATION_CONNECTION=@@COLLATION_CONNECTION */;
/*!40101 SET NAMES utf8mb4 */;

--
-- Veritabanı: `student_society_system`
--

-- --------------------------------------------------------

--
-- Tablo için tablo yapısı `advisors`
--

CREATE TABLE `advisors` (
  `id` int(11) NOT NULL,
  `user_id` int(11) NOT NULL,
  `title` varchar(100) DEFAULT NULL,
  `department` varchar(100) DEFAULT NULL
) ENGINE=InnoDB DEFAULT CHARSET=utf8mb4 COLLATE=utf8mb4_general_ci;

--
-- Tablo döküm verisi `advisors`
--

INSERT INTO `advisors` (`id`, `user_id`, `title`, `department`) VALUES
(3, 1024, 'Prof. Dr.', 'Yönetim Bilişim Sistemleri'),
(4, 1025, 'Doç. Dr.', 'Bilgisayar Mühendisliği'),
(5, 1026, 'Dr. Deniz', 'Hukuk'),
(6, 1027, 'Prof. Dr.', 'Endüstri Mühendisliği'),
(7, 1028, 'Doç. Dr.', 'Psikoloji'),
(8, 1029, 'Dr. Murat', 'Yazılım Mühendisliği'),
(9, 1030, 'Prof. Dr.', 'İktisat'),
(10, 1031, 'Doç. Dr.', 'İşletme'),
(11, 1032, 'Dr. Demet', 'Yönetim Bilişim Sistemleri'),
(12, 1033, 'Prof. Dr.', 'Bilgisayar Mühendisliği'),
(13, 1015, 'Prof. Dr.', 'Bilgisayar Mühendisliği'),
(14, 1034, 'Doç. Dr.', 'Hukuk'),
(15, 1035, 'Dr. Burak', 'Endüstri Mühendisliği'),
(16, 1036, 'Prof. Dr.', 'Psikoloji'),
(17, 1037, 'Doç. Dr.', 'Yazılım Mühendisliği'),
(18, 1038, 'Dr. Tuba', 'İktisat'),
(19, 1039, 'Prof. Dr.', 'İşletme'),
(20, 1040, 'Doç. Dr.', 'Yönetim Bilişim Sistemleri'),
(21, 1041, 'Dr. Hazal', 'Bilgisayar Mühendisliği'),
(22, 1042, 'Prof. Dr.', 'Hukuk'),
(23, 1043, 'Doç. Dr.', 'Endüstri Mühendisliği'),
(24, 1016, 'Doç. Dr.', 'Yönetim Bilişim Sistemleri'),
(25, 1044, 'Dr. Dilan', 'Psikoloji'),
(26, 1045, 'Prof. Dr.', 'Yazılım Mühendisliği'),
(27, 1046, 'Doç. Dr.', 'İktisat'),
(28, 1047, 'Dr. Alp', 'İşletme'),
(29, 1048, 'Prof. Dr.', 'Yönetim Bilişim Sistemleri'),
(30, 1049, 'Doç. Dr.', 'Bilgisayar Mühendisliği'),
(31, 1050, 'Dr. Bahar', 'Hukuk'),
(32, 1051, 'Prof. Dr.', 'Endüstri Mühendisliği'),
(33, 1052, 'Doç. Dr.', 'Psikoloji'),
(34, 1053, 'Dr. İsmail', 'Yazılım Mühendisliği'),
(35, 1017, 'Dr. Öğr.', 'İşletme'),
(36, 1054, 'Prof. Dr.', 'İktisat'),
(37, 1055, 'Doç. Dr.', 'İşletme'),
(38, 1056, 'Dr. Eda', 'Yönetim Bilişim Sistemleri'),
(39, 1057, 'Prof. Dr.', 'Bilgisayar Mühendisliği'),
(40, 1058, 'Doç. Dr.', 'Hukuk'),
(41, 1059, 'Dr. Furkan', 'Endüstri Mühendisliği'),
(42, 1060, 'Prof. Dr.', 'Psikoloji'),
(43, 1061, 'Doç. Dr.', 'Yazılım Mühendisliği'),
(44, 1062, 'Dr. Hafsanur', 'İktisat'),
(45, 1063, 'Prof. Dr.', 'İşletme'),
(46, 1018, 'Prof. Dr.', 'Endüstri Mühendisliği'),
(47, 1064, 'Doç. Dr.', 'Yönetim Bilişim Sistemleri'),
(48, 1019, 'Doç. Dr.', 'Psikoloji'),
(49, 1020, 'Dr. Fatma', 'Hukuk'),
(50, 1021, 'Prof. Dr.', 'Yazılım Mühendisliği'),
(51, 1022, 'Doç. Dr.', 'İktisat'),
(52, 1023, 'Dr. Burak', 'İşletme');

-- --------------------------------------------------------

--
-- Tablo için tablo yapısı `announcements`
--

CREATE TABLE `announcements` (
  `id` int(11) NOT NULL,
  `community_id` int(11) NOT NULL,
  `application_id` int(11) DEFAULT NULL,
  `title` varchar(255) NOT NULL,
  `content` text NOT NULL,
  `image_url` varchar(255) DEFAULT NULL,
  `event_date` date DEFAULT NULL,
  `event_time` time DEFAULT NULL,
  `location` varchar(255) DEFAULT NULL,
  `is_active` tinyint(1) DEFAULT 1,
  `created_at` timestamp NOT NULL DEFAULT current_timestamp()
) ENGINE=InnoDB DEFAULT CHARSET=utf8mb4 COLLATE=utf8mb4_general_ci;

--
-- Tablo döküm verisi `announcements`
--

INSERT INTO `announcements` (`id`, `community_id`, `application_id`, `title`, `content`, `image_url`, `event_date`, `event_time`, `location`, `is_active`, `created_at`) VALUES
(11, 3, NULL, 'Yapay Zeka ve Gelecek Zirvesi', 'Yapay zeka dünyasındaki son gelişmeleri uzmanlarından dinleyin. Sürpriz çekilişler ve networking fırsatları.', 'https://images.unsplash.com/photo-1485827404703-89b55fcc595e', '2026-03-15', '10:00:00', 'Merkez Konferans Salonu', 1, '2026-02-25 21:10:22'),
(12, 3, NULL, 'Geleneksel Bahar Şenliği Konseri', 'Bahar şenlikleri kapsamında düzenlediğimiz büyük konserde doyasıya eğleniyoruz!', 'https://images.unsplash.com/photo-1540039155732-680874b8ce53', '2026-04-20', '19:00:00', 'Kampüs Meydanı', 1, '2026-02-25 21:10:22'),
(13, 3, NULL, 'Kariyer Günleri: Sektör Buluşması', 'Sektörün önde gelen firmalarıyla tanışma, staj imkanı bulma ve mülakat simülasyonları.', 'https://images.unsplash.com/photo-1521737604893-d14cc237f11d', '2026-03-05', '09:30:00', 'Kapalı Spor Salonu', 1, '2026-02-25 21:10:22'),
(14, 3, NULL, 'Web Geliştirme Atölyesi (Next.js)', 'Sıfırdan modern web teknolojilerini öğrenmek isteyenler için uygulamalı bootcamp.', 'https://images.unsplash.com/photo-1633356122544-f134324a6cee', '2026-03-10', '14:00:00', 'Bilgisayar Laboratuvarı 1', 1, '2026-02-25 21:10:22'),
(15, 3, NULL, 'Geçmiş Etkinlik: Dönem Başı Tanışma', 'Yeni üyelerimizle kaynaşma, pizza partisi ve dönem planlamasının yapıldığı ilk toplantımız.', 'https://images.unsplash.com/photo-1515169067868-53cb7cb118f3', '2026-01-15', '13:00:00', 'Öğrenci Merkezi', 1, '2026-02-25 21:10:22');

-- --------------------------------------------------------

--
-- Tablo için tablo yapısı `applications`
--

CREATE TABLE `applications` (
  `id` int(11) NOT NULL,
  `community_id` int(11) NOT NULL,
  `sent_by` int(11) NOT NULL,
  `title` varchar(255) NOT NULL,
  `event_type` varchar(255) DEFAULT NULL,
  `event_date` date DEFAULT NULL,
  `event_time` time DEFAULT NULL,
  `location` varchar(255) DEFAULT NULL,
  `description` text DEFAULT NULL,
  `materials_needed` text DEFAULT NULL,
  `has_speaker` tinyint(1) DEFAULT 0,
  `speaker_info` text DEFAULT NULL,
  `has_stand` tinyint(1) DEFAULT 0,
  `stand_details` text DEFAULT NULL,
  `stand_location` varchar(255) DEFAULT NULL,
  `has_poster` tinyint(1) DEFAULT 0,
  `poster_details` text DEFAULT NULL,
  `current_status` enum('draft','pending_advisor','pending_admin','approved','rejected_by_advisor','rejected_by_admin') DEFAULT 'pending_advisor',
  `created_at` timestamp NOT NULL DEFAULT current_timestamp(),
  `updated_at` timestamp NOT NULL DEFAULT current_timestamp() ON UPDATE current_timestamp()
) ENGINE=InnoDB DEFAULT CHARSET=utf8mb4 COLLATE=utf8mb4_general_ci;

--
-- Tablo döküm verisi `applications`
--

INSERT INTO `applications` (`id`, `community_id`, `sent_by`, `title`, `event_type`, `event_date`, `event_time`, `location`, `description`, `materials_needed`, `has_speaker`, `speaker_info`, `has_stand`, `stand_details`, `stand_location`, `has_poster`, `poster_details`, `current_status`, `created_at`, `updated_at`) VALUES
(3, 3, 10, 'Bahar Şenliği', 'Festival/Şenlik', '2026-05-22', '10:00:00', 'Havagazı Fabrikası', 'Eğleneceğiz.', 'Eğlenmek\n\n[KATILACAK ÖĞRENCİLER]: [{\"name\":\"M. Enes BAYRAM\",\"no\":\"2204109012\",\"dept\":\"\",\"travel\":\"\",\"allowance\":\"\",\"accommodation\":\"\",\"id\":1772208603067},{\"name\":\"Ekin Oğuz\",\"no\":\"2204109003\",\"dept\":\"\",\"travel\":\"\",\"allowance\":\"\",\"accommodation\":\"\",\"id\":1772208608700}]', 0, '', 0, '', '', 0, '', 'pending_advisor', '2026-02-27 15:58:43', '2026-02-27 16:10:09');

-- --------------------------------------------------------

--
-- Tablo için tablo yapısı `application_status_log`
--

CREATE TABLE `application_status_log` (
  `id` int(11) NOT NULL,
  `application_id` int(11) NOT NULL,
  `status` varchar(50) NOT NULL,
  `changed_by` int(11) NOT NULL,
  `reason` text DEFAULT NULL,
  `created_at` timestamp NOT NULL DEFAULT current_timestamp()
) ENGINE=InnoDB DEFAULT CHARSET=utf8mb4 COLLATE=utf8mb4_general_ci;

-- --------------------------------------------------------

--
-- Tablo için tablo yapısı `communities`
--

CREATE TABLE `communities` (
  `id` int(11) NOT NULL,
  `community_name` varchar(150) NOT NULL,
  `description` text DEFAULT NULL,
  `logo_url` varchar(255) DEFAULT NULL,
  `type_id` int(11) NOT NULL,
  `target_department` longtext CHARACTER SET utf8mb4 COLLATE utf8mb4_bin DEFAULT NULL CHECK (json_valid(`target_department`)),
  `advisor_id` int(11) NOT NULL,
  `president_member_id` int(11) DEFAULT NULL,
  `status` enum('active','passive','pending') DEFAULT 'pending',
  `created_at` timestamp NOT NULL DEFAULT current_timestamp()
) ENGINE=InnoDB DEFAULT CHARSET=utf8mb4 COLLATE=utf8mb4_general_ci;

--
-- Tablo döküm verisi `communities`
--

INSERT INTO `communities` (`id`, `community_name`, `description`, `logo_url`, `type_id`, `target_department`, `advisor_id`, `president_member_id`, `status`, `created_at`) VALUES
(3, 'Müzik Topluluğu', 'Konser ve enstrüman eğitimleri. Gelin eğlenecez', 'community_3_1772209927315.png', 1, NULL, 3, 10, 'active', '2026-02-25 09:47:08'),
(4, 'Tiyatro Kulübü', 'Sahne sanatları ve oyunculuk.', NULL, 1, NULL, 4, 27, 'active', '2026-02-25 09:47:08'),
(5, 'Fotoğrafçılık', 'Teknik geziler ve sergiler.', NULL, 1, NULL, 5, 44, 'active', '2026-02-25 09:47:08'),
(6, 'Doğa Sporları', 'Kamp ve doğa yürüyüşleri.', NULL, 1, NULL, 6, 61, 'active', '2026-02-25 09:47:08'),
(7, 'Satranç Kulübü', 'Turnuvalar ve strateji eğitimleri.', NULL, 1, NULL, 7, 78, 'active', '2026-02-25 09:47:08'),
(8, 'Sinema Topluluğu', 'Film okumaları ve kısa film.', NULL, 1, NULL, 3, 95, 'active', '2026-02-25 09:47:08'),
(9, 'Gastronomi', 'Workshop ve yemek kültürü.', NULL, 1, NULL, 4, 112, 'active', '2026-02-25 09:47:08'),
(10, 'Gönüllülük', 'Sosyal sorumluluk projeleri.', NULL, 1, NULL, 5, 129, 'active', '2026-02-25 09:47:08'),
(11, 'E-Spor', 'Gaming turnuvaları.', NULL, 1, NULL, 6, 146, 'active', '2026-02-25 09:47:08'),
(12, 'Yelken Kulübü', 'Denizcilik eğitimleri.', NULL, 1, NULL, 7, 163, 'active', '2026-02-25 09:47:08'),
(13, 'Dans Topluluğu', 'Modern ve klasik dans.', NULL, 1, NULL, 3, 180, 'active', '2026-02-25 09:47:08'),
(14, 'Edebiyat Kulübü', 'Okuma ve yazarlık atölyeleri.', NULL, 1, NULL, 4, 197, 'active', '2026-02-25 09:47:08'),
(15, 'Gezginler', 'Kültürel şehir gezileri.', NULL, 1, NULL, 5, 214, 'active', '2026-02-25 09:47:08'),
(16, 'Münazara', 'Hitabet ve tartışma kültürü.', NULL, 1, NULL, 6, 231, 'active', '2026-02-25 09:47:08'),
(17, 'Astronomi', 'Uzay gözlem geceleri.', NULL, 1, NULL, 7, 248, 'active', '2026-02-25 09:47:08'),
(18, 'Hayvan Hakları', 'Barınak ve besleme desteği.', NULL, 1, NULL, 3, 265, 'active', '2026-02-25 09:47:08'),
(19, 'Bisiklet', 'Şehir turları ve spor.', NULL, 1, NULL, 4, 282, 'active', '2026-02-25 09:47:08'),
(20, 'Robotik', 'Maker ve tasarım projeleri.', NULL, 1, NULL, 5, 299, 'active', '2026-02-25 09:47:08'),
(21, 'Okçuluk', 'Geleneksel spor eğitimleri.', NULL, 1, NULL, 6, 316, 'active', '2026-02-25 09:47:08'),
(22, 'Dil ve Kültür', 'Yabancı dil pratik günleri.', NULL, 1, NULL, 7, 333, 'active', '2026-02-25 09:47:08'),
(23, 'Yapay Zeka Etik', 'Teknoloji tartışmaları.', NULL, 1, NULL, 3, 350, 'active', '2026-02-25 09:47:08'),
(24, 'Yoga', 'Zihinsel rahatlama seansları.', NULL, 1, NULL, 4, 367, 'active', '2026-02-25 09:47:08'),
(25, 'Drone Kulübü', 'İHA kullanım ve montaj.', NULL, 1, NULL, 5, 384, 'active', '2026-02-25 09:47:08'),
(26, 'Kariyer', 'Networking ve gelişim.', NULL, 1, NULL, 6, 401, 'active', '2026-02-25 09:47:08'),
(27, 'Dijital Medya', 'İçerik üretimi ve kurgu.', NULL, 1, NULL, 7, 418, 'active', '2026-02-25 09:47:08'),
(28, 'Psikoloji Sosyal', 'Farkındalık çalışmaları.', NULL, 1, NULL, 3, 435, 'active', '2026-02-25 09:47:08'),
(29, 'Sürdürülebilirlik', 'Ekoloji projeleri.', NULL, 1, NULL, 4, 452, 'active', '2026-02-25 09:47:08'),
(30, 'Klasik Araba', 'Restorasyon ve sergi.', NULL, 1, NULL, 5, 469, 'active', '2026-02-25 09:47:08'),
(31, 'Felsefe', 'Metin analizleri.', NULL, 1, NULL, 6, 486, 'active', '2026-02-25 09:47:08'),
(32, 'Mizah Topluluğu', 'Stand-up ve yazım.', NULL, 1, NULL, 7, 503, 'active', '2026-02-25 09:47:08'),
(33, 'Lumex Yazılım', 'Fullstack ve mobil uygulama.', NULL, 2, '[\"Bilgisayar Mühendisliği\", \"Yazılım Mühendisliği\", \"Yönetim Bilişim Sistemleri\"]', 3, 520, 'active', '2026-02-25 09:47:08'),
(34, 'YBS Akademi', 'İşletme ve bilişim odağı.', NULL, 2, '[\"Yönetim Bilişim Sistemleri\", \"İşletme\"]', 4, 537, 'active', '2026-02-25 09:47:08'),
(35, 'Hukuk Vizyon', 'Vaka analizleri.', NULL, 2, '[\"Hukuk\"]', 5, 554, 'active', '2026-02-25 09:47:08'),
(36, 'Endüstri 4.0', 'Verimlilik ve üretim.', NULL, 2, '[\"Endüstri Mühendisliği\"]', 6, 571, 'active', '2026-02-25 09:47:08'),
(37, 'Klinik Psikoloji', 'Akademik gözlemler.', NULL, 2, '[\"Psikoloji\"]', 7, 588, 'active', '2026-02-25 09:47:08'),
(38, 'Finans Kulübü', 'Borsa ve yatırım.', NULL, 2, '[\"İktisat\", \"İşletme\"]', 3, 605, 'active', '2026-02-25 09:47:08'),
(39, 'Siber Güvenlik', 'CTF ve pentest.', NULL, 2, '[\"Bilgisayar Mühendisliği\", \"Yazılım Mühendisliği\"]', 4, 622, 'active', '2026-02-25 09:47:08'),
(40, 'Pazarlama Lab', 'Marka yönetimi.', NULL, 2, '[\"İşletme\"]', 5, 639, 'active', '2026-02-25 09:47:08'),
(41, 'Liderlik ve İK', 'Mülakat simülasyonları.', NULL, 2, '[\"İşletme\", \"Psikoloji\"]', 6, 656, 'active', '2026-02-25 09:47:08'),
(42, 'Veri Analitiği', 'Python ve Data Science.', NULL, 2, '[\"Yönetim Bilişim Sistemleri\", \"Bilgisayar Mühendisliği\"]', 7, 673, 'active', '2026-02-25 09:47:08'),
(43, 'Global Ticaret', 'Lojistik süreçleri.', NULL, 2, '[\"İşletme\", \"İktisat\"]', 3, 690, 'active', '2026-02-25 09:47:08'),
(44, 'Diplomasi Topluluğu', 'Uluslararası ilişkiler.', NULL, 2, '[\"Hukuk\"]', 4, 707, 'active', '2026-02-25 09:47:08'),
(45, 'AI Araştırmaları', 'Derin öğrenme.', NULL, 2, '[\"Bilgisayar Mühendisliği\"]', 5, 724, 'active', '2026-02-25 09:47:08'),
(46, 'E-Ticaret Birliği', 'Dijital satış kanalları.', NULL, 2, '[\"Yönetim Bilişim Sistemleri\"]', 6, 741, 'active', '2026-02-25 09:47:08'),
(47, 'Girişimcilik Hub', 'Startup projeleri.', NULL, 2, '[\"İşletme\", \"Endüstri Mühendisliği\"]', 7, 758, 'active', '2026-02-25 09:47:08'),
(48, 'Blokzincir', 'Web3 ve Smart Contracts.', NULL, 2, '[\"Yazılım Mühendisliği\"]', 3, 775, 'active', '2026-02-25 09:47:08'),
(49, 'Tıp Teknolojileri', 'Biyomedikal çözümler.', NULL, 2, '[\"Bilgisayar Mühendisliği\"]', 4, 792, 'active', '2026-02-25 09:47:08'),
(50, 'Mobil Oyun Dev', 'Unity ve Unreal Engine.', NULL, 2, '[\"Yazılım Mühendisliği\"]', 5, 809, 'active', '2026-02-25 09:47:08'),
(51, 'Sosyolojik Analiz', 'Toplumsal gözlemler.', NULL, 2, '[\"Psikoloji\"]', 6, 826, 'active', '2026-02-25 09:47:08'),
(52, 'Dijital Dönüşüm', 'ERP ve otomasyon.', NULL, 2, '[\"Yönetim Bilişim Sistemleri\"]', 7, 843, 'active', '2026-02-25 09:47:08');

-- --------------------------------------------------------

--
-- Tablo için tablo yapısı `community_members`
--

CREATE TABLE `community_members` (
  `id` int(11) NOT NULL,
  `community_id` int(11) NOT NULL,
  `user_id` int(11) NOT NULL,
  `role_id` int(11) NOT NULL,
  `joined_at` timestamp NOT NULL DEFAULT current_timestamp()
) ENGINE=InnoDB DEFAULT CHARSET=utf8mb4 COLLATE=utf8mb4_general_ci;

--
-- Tablo döküm verisi `community_members`
--

INSERT INTO `community_members` (`id`, `community_id`, `user_id`, `role_id`, `joined_at`) VALUES
(4, 3, 10, 1, '2026-02-25 09:55:20'),
(5, 3, 11, 2, '2026-02-25 09:55:20'),
(6, 3, 12, 2, '2026-02-25 09:55:20'),
(7, 3, 13, 5, '2026-02-25 09:55:20'),
(8, 3, 14, 3, '2026-02-25 09:55:20'),
(9, 3, 15, 5, '2026-02-25 09:55:20'),
(10, 3, 16, 5, '2026-02-25 09:55:20'),
(11, 3, 17, 4, '2026-02-25 09:55:20'),
(12, 3, 18, 6, '2026-02-25 09:55:20'),
(13, 3, 19, 6, '2026-02-25 09:55:20'),
(14, 3, 20, 6, '2026-02-25 09:55:20'),
(15, 3, 21, 7, '2026-02-25 09:55:20'),
(16, 3, 22, 8, '2026-02-25 09:55:20'),
(17, 3, 23, 8, '2026-02-25 09:55:20'),
(18, 3, 24, 9, '2026-02-25 09:55:20'),
(19, 3, 25, 10, '2026-02-25 09:55:20'),
(20, 3, 26, 11, '2026-02-25 09:55:20'),
(21, 4, 27, 1, '2026-02-25 09:55:20'),
(22, 4, 28, 2, '2026-02-25 09:55:20'),
(23, 4, 29, 2, '2026-02-25 09:55:20'),
(24, 4, 30, 4, '2026-02-25 09:55:20'),
(25, 4, 31, 3, '2026-02-25 09:55:20'),
(26, 4, 32, 5, '2026-02-25 09:55:20'),
(27, 4, 33, 5, '2026-02-25 09:55:20'),
(28, 4, 34, 5, '2026-02-25 09:55:20'),
(29, 4, 35, 6, '2026-02-25 09:55:20'),
(30, 4, 36, 6, '2026-02-25 09:55:20'),
(31, 4, 37, 6, '2026-02-25 09:55:20'),
(32, 4, 38, 7, '2026-02-25 09:55:20'),
(33, 4, 39, 8, '2026-02-25 09:55:20'),
(34, 4, 40, 8, '2026-02-25 09:55:20'),
(35, 4, 41, 9, '2026-02-25 09:55:20'),
(36, 4, 42, 10, '2026-02-25 09:55:20'),
(37, 4, 43, 11, '2026-02-25 09:55:20'),
(38, 5, 44, 1, '2026-02-25 09:55:20'),
(39, 5, 45, 2, '2026-02-25 09:55:20'),
(40, 5, 46, 2, '2026-02-25 09:55:20'),
(41, 5, 47, 4, '2026-02-25 09:55:20'),
(42, 5, 48, 3, '2026-02-25 09:55:20'),
(43, 5, 49, 5, '2026-02-25 09:55:20'),
(44, 5, 50, 5, '2026-02-25 09:55:20'),
(45, 5, 51, 5, '2026-02-25 09:55:20'),
(46, 5, 52, 6, '2026-02-25 09:55:20'),
(47, 5, 53, 6, '2026-02-25 09:55:20'),
(48, 5, 54, 6, '2026-02-25 09:55:20'),
(49, 5, 55, 7, '2026-02-25 09:55:20'),
(50, 5, 56, 8, '2026-02-25 09:55:20'),
(51, 5, 57, 8, '2026-02-25 09:55:20'),
(52, 5, 58, 9, '2026-02-25 09:55:20'),
(53, 5, 59, 10, '2026-02-25 09:55:20'),
(54, 5, 60, 11, '2026-02-25 09:55:20'),
(55, 6, 61, 1, '2026-02-25 09:55:20'),
(56, 6, 62, 2, '2026-02-25 09:55:20'),
(57, 6, 63, 2, '2026-02-25 09:55:20'),
(58, 6, 64, 4, '2026-02-25 09:55:20'),
(59, 6, 65, 3, '2026-02-25 09:55:20'),
(60, 6, 66, 5, '2026-02-25 09:55:20'),
(61, 6, 67, 5, '2026-02-25 09:55:20'),
(62, 6, 68, 5, '2026-02-25 09:55:20'),
(63, 6, 69, 6, '2026-02-25 09:55:20'),
(64, 6, 70, 6, '2026-02-25 09:55:20'),
(65, 6, 71, 6, '2026-02-25 09:55:20'),
(66, 6, 72, 7, '2026-02-25 09:55:20'),
(67, 6, 73, 8, '2026-02-25 09:55:20'),
(68, 6, 74, 8, '2026-02-25 09:55:20'),
(69, 6, 75, 9, '2026-02-25 09:55:20'),
(70, 6, 76, 10, '2026-02-25 09:55:20'),
(71, 6, 77, 11, '2026-02-25 09:55:20'),
(72, 7, 78, 1, '2026-02-25 09:55:20'),
(73, 7, 79, 2, '2026-02-25 09:55:20'),
(74, 7, 80, 2, '2026-02-25 09:55:20'),
(75, 7, 81, 4, '2026-02-25 09:55:20'),
(76, 7, 82, 3, '2026-02-25 09:55:20'),
(77, 7, 83, 5, '2026-02-25 09:55:20'),
(78, 7, 84, 5, '2026-02-25 09:55:20'),
(79, 7, 85, 5, '2026-02-25 09:55:20'),
(80, 7, 86, 6, '2026-02-25 09:55:20'),
(81, 7, 87, 6, '2026-02-25 09:55:20'),
(82, 7, 88, 6, '2026-02-25 09:55:20'),
(83, 7, 89, 7, '2026-02-25 09:55:20'),
(84, 7, 90, 8, '2026-02-25 09:55:20'),
(85, 7, 91, 8, '2026-02-25 09:55:20'),
(86, 7, 92, 9, '2026-02-25 09:55:20'),
(87, 7, 93, 10, '2026-02-25 09:55:20'),
(88, 7, 94, 11, '2026-02-25 09:55:20'),
(89, 8, 95, 1, '2026-02-25 09:55:20'),
(90, 8, 96, 2, '2026-02-25 09:55:20'),
(91, 8, 97, 2, '2026-02-25 09:55:20'),
(92, 8, 98, 4, '2026-02-25 09:55:20'),
(93, 8, 99, 3, '2026-02-25 09:55:20'),
(94, 8, 100, 5, '2026-02-25 09:55:20'),
(95, 8, 101, 5, '2026-02-25 09:55:20'),
(96, 8, 102, 5, '2026-02-25 09:55:20'),
(97, 8, 103, 6, '2026-02-25 09:55:20'),
(98, 8, 104, 6, '2026-02-25 09:55:20'),
(99, 8, 105, 6, '2026-02-25 09:55:20'),
(100, 8, 106, 7, '2026-02-25 09:55:20'),
(101, 8, 107, 8, '2026-02-25 09:55:20'),
(102, 8, 108, 8, '2026-02-25 09:55:20'),
(103, 8, 109, 9, '2026-02-25 09:55:20'),
(104, 8, 110, 10, '2026-02-25 09:55:20'),
(105, 8, 111, 11, '2026-02-25 09:55:20'),
(106, 9, 112, 1, '2026-02-25 09:55:20'),
(107, 9, 113, 2, '2026-02-25 09:55:20'),
(108, 9, 114, 2, '2026-02-25 09:55:20'),
(109, 9, 115, 4, '2026-02-25 09:55:20'),
(110, 9, 116, 3, '2026-02-25 09:55:20'),
(111, 9, 117, 5, '2026-02-25 09:55:20'),
(112, 9, 118, 5, '2026-02-25 09:55:20'),
(113, 9, 119, 5, '2026-02-25 09:55:20'),
(114, 9, 120, 6, '2026-02-25 09:55:20'),
(115, 9, 121, 6, '2026-02-25 09:55:20'),
(116, 9, 122, 6, '2026-02-25 09:55:20'),
(117, 9, 123, 7, '2026-02-25 09:55:20'),
(118, 9, 124, 8, '2026-02-25 09:55:20'),
(119, 9, 125, 8, '2026-02-25 09:55:20'),
(120, 9, 126, 9, '2026-02-25 09:55:20'),
(121, 9, 127, 10, '2026-02-25 09:55:20'),
(122, 9, 128, 11, '2026-02-25 09:55:20'),
(123, 10, 129, 1, '2026-02-25 09:55:20'),
(124, 10, 130, 2, '2026-02-25 09:55:20'),
(125, 10, 131, 2, '2026-02-25 09:55:20'),
(126, 10, 132, 4, '2026-02-25 09:55:20'),
(127, 10, 133, 3, '2026-02-25 09:55:20'),
(128, 10, 134, 5, '2026-02-25 09:55:20'),
(129, 10, 135, 5, '2026-02-25 09:55:20'),
(130, 10, 136, 5, '2026-02-25 09:55:20'),
(131, 10, 137, 6, '2026-02-25 09:55:20'),
(132, 10, 138, 6, '2026-02-25 09:55:20'),
(133, 10, 139, 6, '2026-02-25 09:55:20'),
(134, 10, 140, 7, '2026-02-25 09:55:20'),
(135, 10, 141, 8, '2026-02-25 09:55:20'),
(136, 10, 142, 8, '2026-02-25 09:55:20'),
(137, 10, 143, 9, '2026-02-25 09:55:20'),
(138, 10, 144, 10, '2026-02-25 09:55:20'),
(139, 10, 145, 11, '2026-02-25 09:55:20'),
(140, 11, 146, 1, '2026-02-25 09:55:20'),
(141, 11, 147, 2, '2026-02-25 09:55:20'),
(142, 11, 148, 2, '2026-02-25 09:55:20'),
(143, 11, 149, 4, '2026-02-25 09:55:20'),
(144, 11, 150, 3, '2026-02-25 09:55:20'),
(145, 11, 151, 5, '2026-02-25 09:55:20'),
(146, 11, 152, 5, '2026-02-25 09:55:20'),
(147, 11, 153, 5, '2026-02-25 09:55:20'),
(148, 11, 154, 6, '2026-02-25 09:55:20'),
(149, 11, 155, 6, '2026-02-25 09:55:20'),
(150, 11, 156, 6, '2026-02-25 09:55:20'),
(151, 11, 157, 7, '2026-02-25 09:55:20'),
(152, 11, 158, 8, '2026-02-25 09:55:20'),
(153, 11, 159, 8, '2026-02-25 09:55:20'),
(154, 11, 160, 9, '2026-02-25 09:55:20'),
(155, 11, 161, 10, '2026-02-25 09:55:20'),
(156, 11, 162, 11, '2026-02-25 09:55:20'),
(157, 12, 163, 1, '2026-02-25 09:55:20'),
(158, 12, 164, 2, '2026-02-25 09:55:20'),
(159, 12, 165, 2, '2026-02-25 09:55:20'),
(160, 12, 166, 4, '2026-02-25 09:55:20'),
(161, 12, 167, 3, '2026-02-25 09:55:20'),
(162, 12, 168, 5, '2026-02-25 09:55:20'),
(163, 12, 169, 5, '2026-02-25 09:55:20'),
(164, 12, 170, 5, '2026-02-25 09:55:20'),
(165, 12, 171, 6, '2026-02-25 09:55:20'),
(166, 12, 172, 6, '2026-02-25 09:55:20'),
(167, 12, 173, 6, '2026-02-25 09:55:20'),
(168, 12, 174, 7, '2026-02-25 09:55:20'),
(169, 12, 175, 8, '2026-02-25 09:55:20'),
(170, 12, 176, 8, '2026-02-25 09:55:20'),
(171, 12, 177, 9, '2026-02-25 09:55:20'),
(172, 12, 178, 10, '2026-02-25 09:55:20'),
(173, 12, 179, 11, '2026-02-25 09:55:20'),
(174, 13, 180, 1, '2026-02-25 09:55:20'),
(175, 13, 181, 2, '2026-02-25 09:55:20'),
(176, 13, 182, 2, '2026-02-25 09:55:20'),
(177, 13, 183, 4, '2026-02-25 09:55:20'),
(178, 13, 184, 3, '2026-02-25 09:55:20'),
(179, 13, 185, 5, '2026-02-25 09:55:20'),
(180, 13, 186, 5, '2026-02-25 09:55:20'),
(181, 13, 187, 5, '2026-02-25 09:55:20'),
(182, 13, 188, 6, '2026-02-25 09:55:20'),
(183, 13, 189, 6, '2026-02-25 09:55:20'),
(184, 13, 190, 6, '2026-02-25 09:55:20'),
(185, 13, 191, 7, '2026-02-25 09:55:20'),
(186, 13, 192, 8, '2026-02-25 09:55:20'),
(187, 13, 193, 8, '2026-02-25 09:55:20'),
(188, 13, 194, 9, '2026-02-25 09:55:20'),
(189, 13, 195, 10, '2026-02-25 09:55:20'),
(190, 13, 196, 11, '2026-02-25 09:55:20'),
(191, 14, 197, 1, '2026-02-25 09:55:20'),
(192, 14, 198, 2, '2026-02-25 09:55:20'),
(193, 14, 199, 2, '2026-02-25 09:55:20'),
(194, 14, 200, 4, '2026-02-25 09:55:20'),
(195, 14, 201, 3, '2026-02-25 09:55:20'),
(196, 14, 202, 5, '2026-02-25 09:55:20'),
(197, 14, 203, 5, '2026-02-25 09:55:20'),
(198, 14, 204, 5, '2026-02-25 09:55:20'),
(199, 14, 205, 6, '2026-02-25 09:55:20'),
(200, 14, 206, 6, '2026-02-25 09:55:20'),
(201, 14, 207, 6, '2026-02-25 09:55:20'),
(202, 14, 208, 7, '2026-02-25 09:55:20'),
(203, 14, 209, 8, '2026-02-25 09:55:20'),
(204, 14, 210, 8, '2026-02-25 09:55:20'),
(205, 14, 211, 9, '2026-02-25 09:55:20'),
(206, 14, 212, 10, '2026-02-25 09:55:20'),
(207, 14, 213, 11, '2026-02-25 09:55:20'),
(208, 15, 214, 1, '2026-02-25 09:55:20'),
(209, 15, 215, 2, '2026-02-25 09:55:20'),
(210, 15, 216, 2, '2026-02-25 09:55:20'),
(211, 15, 217, 4, '2026-02-25 09:55:20'),
(212, 15, 218, 3, '2026-02-25 09:55:20'),
(213, 15, 219, 5, '2026-02-25 09:55:20'),
(214, 15, 220, 5, '2026-02-25 09:55:20'),
(215, 15, 221, 5, '2026-02-25 09:55:20'),
(216, 15, 222, 6, '2026-02-25 09:55:20'),
(217, 15, 223, 6, '2026-02-25 09:55:20'),
(218, 15, 224, 6, '2026-02-25 09:55:20'),
(219, 15, 225, 7, '2026-02-25 09:55:20'),
(220, 15, 226, 8, '2026-02-25 09:55:20'),
(221, 15, 227, 8, '2026-02-25 09:55:20'),
(222, 15, 228, 9, '2026-02-25 09:55:20'),
(223, 15, 229, 10, '2026-02-25 09:55:20'),
(224, 15, 230, 11, '2026-02-25 09:55:20'),
(225, 16, 231, 1, '2026-02-25 09:55:20'),
(226, 16, 232, 2, '2026-02-25 09:55:20'),
(227, 16, 233, 2, '2026-02-25 09:55:20'),
(228, 16, 234, 4, '2026-02-25 09:55:20'),
(229, 16, 235, 3, '2026-02-25 09:55:20'),
(230, 16, 236, 5, '2026-02-25 09:55:20'),
(231, 16, 237, 5, '2026-02-25 09:55:20'),
(232, 16, 238, 5, '2026-02-25 09:55:20'),
(233, 16, 239, 6, '2026-02-25 09:55:20'),
(234, 16, 240, 6, '2026-02-25 09:55:20'),
(235, 16, 241, 6, '2026-02-25 09:55:20'),
(236, 16, 242, 7, '2026-02-25 09:55:20'),
(237, 16, 243, 8, '2026-02-25 09:55:20'),
(238, 16, 244, 8, '2026-02-25 09:55:20'),
(239, 16, 245, 9, '2026-02-25 09:55:20'),
(240, 16, 246, 10, '2026-02-25 09:55:20'),
(241, 16, 247, 11, '2026-02-25 09:55:20'),
(242, 17, 248, 1, '2026-02-25 09:55:20'),
(243, 17, 249, 2, '2026-02-25 09:55:20'),
(244, 17, 250, 2, '2026-02-25 09:55:20'),
(245, 17, 251, 4, '2026-02-25 09:55:20'),
(246, 17, 252, 3, '2026-02-25 09:55:20'),
(247, 17, 253, 5, '2026-02-25 09:55:20'),
(248, 17, 254, 5, '2026-02-25 09:55:20'),
(249, 17, 255, 5, '2026-02-25 09:55:20'),
(250, 17, 256, 6, '2026-02-25 09:55:20'),
(251, 17, 257, 6, '2026-02-25 09:55:20'),
(252, 17, 258, 6, '2026-02-25 09:55:20'),
(253, 17, 259, 7, '2026-02-25 09:55:20'),
(254, 17, 260, 8, '2026-02-25 09:55:20'),
(255, 17, 261, 8, '2026-02-25 09:55:20'),
(256, 17, 262, 9, '2026-02-25 09:55:20'),
(257, 17, 263, 10, '2026-02-25 09:55:20'),
(258, 17, 264, 11, '2026-02-25 09:55:20'),
(259, 18, 265, 1, '2026-02-25 09:55:20'),
(260, 18, 266, 2, '2026-02-25 09:55:20'),
(261, 18, 267, 2, '2026-02-25 09:55:20'),
(262, 18, 268, 4, '2026-02-25 09:55:20'),
(263, 18, 269, 3, '2026-02-25 09:55:20'),
(264, 18, 270, 5, '2026-02-25 09:55:20'),
(265, 18, 271, 5, '2026-02-25 09:55:20'),
(266, 18, 272, 5, '2026-02-25 09:55:20'),
(267, 18, 273, 6, '2026-02-25 09:55:20'),
(268, 18, 274, 6, '2026-02-25 09:55:20'),
(269, 18, 275, 6, '2026-02-25 09:55:20'),
(270, 18, 276, 7, '2026-02-25 09:55:20'),
(271, 18, 277, 8, '2026-02-25 09:55:20'),
(272, 18, 278, 8, '2026-02-25 09:55:20'),
(273, 18, 279, 9, '2026-02-25 09:55:20'),
(274, 18, 280, 10, '2026-02-25 09:55:20'),
(275, 18, 281, 11, '2026-02-25 09:55:20'),
(276, 19, 282, 1, '2026-02-25 09:55:20'),
(277, 19, 283, 2, '2026-02-25 09:55:20'),
(278, 19, 284, 2, '2026-02-25 09:55:20'),
(279, 19, 285, 4, '2026-02-25 09:55:20'),
(280, 19, 286, 3, '2026-02-25 09:55:20'),
(281, 19, 287, 5, '2026-02-25 09:55:20'),
(282, 19, 288, 5, '2026-02-25 09:55:20'),
(283, 19, 289, 5, '2026-02-25 09:55:20'),
(284, 19, 290, 6, '2026-02-25 09:55:20'),
(285, 19, 291, 6, '2026-02-25 09:55:20'),
(286, 19, 292, 6, '2026-02-25 09:55:20'),
(287, 19, 293, 7, '2026-02-25 09:55:20'),
(288, 19, 294, 8, '2026-02-25 09:55:20'),
(289, 19, 295, 8, '2026-02-25 09:55:20'),
(290, 19, 296, 9, '2026-02-25 09:55:20'),
(291, 19, 297, 10, '2026-02-25 09:55:20'),
(292, 19, 298, 11, '2026-02-25 09:55:20'),
(293, 20, 299, 1, '2026-02-25 09:55:20'),
(294, 20, 300, 2, '2026-02-25 09:55:20'),
(295, 20, 301, 2, '2026-02-25 09:55:20'),
(296, 20, 302, 4, '2026-02-25 09:55:20'),
(297, 20, 303, 3, '2026-02-25 09:55:20'),
(298, 20, 304, 5, '2026-02-25 09:55:20'),
(299, 20, 305, 5, '2026-02-25 09:55:20'),
(300, 20, 306, 5, '2026-02-25 09:55:20'),
(301, 20, 307, 6, '2026-02-25 09:55:20'),
(302, 20, 308, 6, '2026-02-25 09:55:20'),
(303, 20, 309, 6, '2026-02-25 09:55:20'),
(304, 20, 310, 7, '2026-02-25 09:55:20'),
(305, 20, 311, 8, '2026-02-25 09:55:20'),
(306, 20, 312, 8, '2026-02-25 09:55:20'),
(307, 20, 313, 9, '2026-02-25 09:55:20'),
(308, 20, 314, 10, '2026-02-25 09:55:20'),
(309, 20, 315, 11, '2026-02-25 09:55:20'),
(310, 21, 316, 1, '2026-02-25 09:55:20'),
(311, 21, 317, 2, '2026-02-25 09:55:20'),
(312, 21, 318, 2, '2026-02-25 09:55:20'),
(313, 21, 319, 4, '2026-02-25 09:55:20'),
(314, 21, 320, 3, '2026-02-25 09:55:20'),
(315, 21, 321, 5, '2026-02-25 09:55:20'),
(316, 21, 322, 5, '2026-02-25 09:55:20'),
(317, 21, 323, 5, '2026-02-25 09:55:20'),
(318, 21, 324, 6, '2026-02-25 09:55:20'),
(319, 21, 325, 6, '2026-02-25 09:55:20'),
(320, 21, 326, 6, '2026-02-25 09:55:20'),
(321, 21, 327, 7, '2026-02-25 09:55:20'),
(322, 21, 328, 8, '2026-02-25 09:55:20'),
(323, 21, 329, 8, '2026-02-25 09:55:20'),
(324, 21, 330, 9, '2026-02-25 09:55:20'),
(325, 21, 331, 10, '2026-02-25 09:55:20'),
(326, 21, 332, 11, '2026-02-25 09:55:20'),
(327, 22, 333, 1, '2026-02-25 09:55:20'),
(328, 22, 334, 2, '2026-02-25 09:55:20'),
(329, 22, 335, 2, '2026-02-25 09:55:20'),
(330, 22, 336, 4, '2026-02-25 09:55:20'),
(331, 22, 337, 3, '2026-02-25 09:55:20'),
(332, 22, 338, 5, '2026-02-25 09:55:20'),
(333, 22, 339, 5, '2026-02-25 09:55:20'),
(334, 22, 340, 5, '2026-02-25 09:55:20'),
(335, 22, 341, 6, '2026-02-25 09:55:20'),
(336, 22, 342, 6, '2026-02-25 09:55:20'),
(337, 22, 343, 6, '2026-02-25 09:55:20'),
(338, 22, 344, 7, '2026-02-25 09:55:20'),
(339, 22, 345, 8, '2026-02-25 09:55:20'),
(340, 22, 346, 8, '2026-02-25 09:55:20'),
(341, 22, 347, 9, '2026-02-25 09:55:20'),
(342, 22, 348, 10, '2026-02-25 09:55:20'),
(343, 22, 349, 11, '2026-02-25 09:55:20'),
(344, 23, 350, 1, '2026-02-25 09:55:20'),
(345, 23, 351, 2, '2026-02-25 09:55:20'),
(346, 23, 352, 2, '2026-02-25 09:55:20'),
(347, 23, 353, 4, '2026-02-25 09:55:20'),
(348, 23, 354, 3, '2026-02-25 09:55:20'),
(349, 23, 355, 5, '2026-02-25 09:55:20'),
(350, 23, 356, 5, '2026-02-25 09:55:20'),
(351, 23, 357, 5, '2026-02-25 09:55:20'),
(352, 23, 358, 6, '2026-02-25 09:55:20'),
(353, 23, 359, 6, '2026-02-25 09:55:20'),
(354, 23, 360, 6, '2026-02-25 09:55:20'),
(355, 23, 361, 7, '2026-02-25 09:55:20'),
(356, 23, 362, 8, '2026-02-25 09:55:20'),
(357, 23, 363, 8, '2026-02-25 09:55:20'),
(358, 23, 364, 9, '2026-02-25 09:55:20'),
(359, 23, 365, 10, '2026-02-25 09:55:20'),
(360, 23, 366, 11, '2026-02-25 09:55:20'),
(361, 24, 367, 1, '2026-02-25 09:55:20'),
(362, 24, 368, 2, '2026-02-25 09:55:20'),
(363, 24, 369, 2, '2026-02-25 09:55:20'),
(364, 24, 370, 4, '2026-02-25 09:55:20'),
(365, 24, 371, 3, '2026-02-25 09:55:20'),
(366, 24, 372, 5, '2026-02-25 09:55:20'),
(367, 24, 373, 5, '2026-02-25 09:55:20'),
(368, 24, 374, 5, '2026-02-25 09:55:20'),
(369, 24, 375, 6, '2026-02-25 09:55:20'),
(370, 24, 376, 6, '2026-02-25 09:55:20'),
(371, 24, 377, 6, '2026-02-25 09:55:20'),
(372, 24, 378, 7, '2026-02-25 09:55:20'),
(373, 24, 379, 8, '2026-02-25 09:55:20'),
(374, 24, 380, 8, '2026-02-25 09:55:20'),
(375, 24, 381, 9, '2026-02-25 09:55:20'),
(376, 24, 382, 10, '2026-02-25 09:55:20'),
(377, 24, 383, 11, '2026-02-25 09:55:20'),
(378, 25, 384, 1, '2026-02-25 09:55:20'),
(379, 25, 385, 2, '2026-02-25 09:55:20'),
(380, 25, 386, 2, '2026-02-25 09:55:20'),
(381, 25, 387, 4, '2026-02-25 09:55:20'),
(382, 25, 388, 3, '2026-02-25 09:55:20'),
(383, 25, 389, 5, '2026-02-25 09:55:20'),
(384, 25, 390, 5, '2026-02-25 09:55:20'),
(385, 25, 391, 5, '2026-02-25 09:55:20'),
(386, 25, 392, 6, '2026-02-25 09:55:20'),
(387, 25, 393, 6, '2026-02-25 09:55:20'),
(388, 25, 394, 6, '2026-02-25 09:55:20'),
(389, 25, 395, 7, '2026-02-25 09:55:20'),
(390, 25, 396, 8, '2026-02-25 09:55:20'),
(391, 25, 397, 8, '2026-02-25 09:55:20'),
(392, 25, 398, 9, '2026-02-25 09:55:20'),
(393, 25, 399, 10, '2026-02-25 09:55:20'),
(394, 25, 400, 11, '2026-02-25 09:55:20'),
(395, 26, 401, 1, '2026-02-25 09:55:20'),
(396, 26, 402, 2, '2026-02-25 09:55:20'),
(397, 26, 403, 2, '2026-02-25 09:55:20'),
(398, 26, 404, 4, '2026-02-25 09:55:20'),
(399, 26, 405, 3, '2026-02-25 09:55:20'),
(400, 26, 406, 5, '2026-02-25 09:55:20'),
(401, 26, 407, 5, '2026-02-25 09:55:20'),
(402, 26, 408, 5, '2026-02-25 09:55:20'),
(403, 26, 409, 6, '2026-02-25 09:55:20'),
(404, 26, 410, 6, '2026-02-25 09:55:20'),
(405, 26, 411, 6, '2026-02-25 09:55:20'),
(406, 26, 412, 7, '2026-02-25 09:55:20'),
(407, 26, 413, 8, '2026-02-25 09:55:20'),
(408, 26, 414, 8, '2026-02-25 09:55:20'),
(409, 26, 415, 9, '2026-02-25 09:55:20'),
(410, 26, 416, 10, '2026-02-25 09:55:20'),
(411, 26, 417, 11, '2026-02-25 09:55:20'),
(412, 27, 418, 1, '2026-02-25 09:55:20'),
(413, 27, 419, 2, '2026-02-25 09:55:20'),
(414, 27, 420, 2, '2026-02-25 09:55:20'),
(415, 27, 421, 4, '2026-02-25 09:55:20'),
(416, 27, 422, 3, '2026-02-25 09:55:20'),
(417, 27, 423, 5, '2026-02-25 09:55:20'),
(418, 27, 424, 5, '2026-02-25 09:55:20'),
(419, 27, 425, 5, '2026-02-25 09:55:20'),
(420, 27, 426, 6, '2026-02-25 09:55:20'),
(421, 27, 427, 6, '2026-02-25 09:55:20'),
(422, 27, 428, 6, '2026-02-25 09:55:20'),
(423, 27, 429, 7, '2026-02-25 09:55:20'),
(424, 27, 430, 8, '2026-02-25 09:55:20'),
(425, 27, 431, 8, '2026-02-25 09:55:20'),
(426, 27, 432, 9, '2026-02-25 09:55:20'),
(427, 27, 433, 10, '2026-02-25 09:55:20'),
(428, 27, 434, 11, '2026-02-25 09:55:20'),
(429, 28, 435, 1, '2026-02-25 09:55:20'),
(430, 28, 436, 2, '2026-02-25 09:55:20'),
(431, 28, 437, 2, '2026-02-25 09:55:20'),
(432, 28, 438, 4, '2026-02-25 09:55:20'),
(433, 28, 439, 3, '2026-02-25 09:55:20'),
(434, 28, 440, 5, '2026-02-25 09:55:20'),
(435, 28, 441, 5, '2026-02-25 09:55:20'),
(436, 28, 442, 5, '2026-02-25 09:55:20'),
(437, 28, 443, 6, '2026-02-25 09:55:20'),
(438, 28, 444, 6, '2026-02-25 09:55:20'),
(439, 28, 445, 6, '2026-02-25 09:55:20'),
(440, 28, 446, 7, '2026-02-25 09:55:20'),
(441, 28, 447, 8, '2026-02-25 09:55:20'),
(442, 28, 448, 8, '2026-02-25 09:55:20'),
(443, 28, 449, 9, '2026-02-25 09:55:20'),
(444, 28, 450, 10, '2026-02-25 09:55:20'),
(445, 28, 451, 11, '2026-02-25 09:55:20'),
(446, 29, 452, 1, '2026-02-25 09:55:20'),
(447, 29, 453, 2, '2026-02-25 09:55:20'),
(448, 29, 454, 2, '2026-02-25 09:55:20'),
(449, 29, 455, 4, '2026-02-25 09:55:20'),
(450, 29, 456, 3, '2026-02-25 09:55:20'),
(451, 29, 457, 5, '2026-02-25 09:55:20'),
(452, 29, 458, 5, '2026-02-25 09:55:20'),
(453, 29, 459, 5, '2026-02-25 09:55:20'),
(454, 29, 460, 6, '2026-02-25 09:55:20'),
(455, 29, 461, 6, '2026-02-25 09:55:20'),
(456, 29, 462, 6, '2026-02-25 09:55:20'),
(457, 29, 463, 7, '2026-02-25 09:55:20'),
(458, 29, 464, 8, '2026-02-25 09:55:20'),
(459, 29, 465, 8, '2026-02-25 09:55:20'),
(460, 29, 466, 9, '2026-02-25 09:55:20'),
(461, 29, 467, 10, '2026-02-25 09:55:20'),
(462, 29, 468, 11, '2026-02-25 09:55:20'),
(463, 30, 469, 1, '2026-02-25 09:55:20'),
(464, 30, 470, 2, '2026-02-25 09:55:20'),
(465, 30, 471, 2, '2026-02-25 09:55:20'),
(466, 30, 472, 4, '2026-02-25 09:55:20'),
(467, 30, 473, 3, '2026-02-25 09:55:20'),
(468, 30, 474, 5, '2026-02-25 09:55:20'),
(469, 30, 475, 5, '2026-02-25 09:55:20'),
(470, 30, 476, 5, '2026-02-25 09:55:20'),
(471, 30, 477, 6, '2026-02-25 09:55:20'),
(472, 30, 478, 6, '2026-02-25 09:55:20'),
(473, 30, 479, 6, '2026-02-25 09:55:20'),
(474, 30, 480, 7, '2026-02-25 09:55:20'),
(475, 30, 481, 8, '2026-02-25 09:55:20'),
(476, 30, 482, 8, '2026-02-25 09:55:20'),
(477, 30, 483, 9, '2026-02-25 09:55:20'),
(478, 30, 484, 10, '2026-02-25 09:55:20'),
(479, 30, 485, 11, '2026-02-25 09:55:20'),
(480, 31, 486, 1, '2026-02-25 09:55:20'),
(481, 31, 487, 2, '2026-02-25 09:55:20'),
(482, 31, 488, 2, '2026-02-25 09:55:20'),
(483, 31, 489, 4, '2026-02-25 09:55:20'),
(484, 31, 490, 3, '2026-02-25 09:55:20'),
(485, 31, 491, 5, '2026-02-25 09:55:20'),
(486, 31, 492, 5, '2026-02-25 09:55:20'),
(487, 31, 493, 5, '2026-02-25 09:55:20'),
(488, 31, 494, 6, '2026-02-25 09:55:20'),
(489, 31, 495, 6, '2026-02-25 09:55:20'),
(490, 31, 496, 6, '2026-02-25 09:55:20'),
(491, 31, 497, 7, '2026-02-25 09:55:20'),
(492, 31, 498, 8, '2026-02-25 09:55:20'),
(493, 31, 499, 8, '2026-02-25 09:55:20'),
(494, 31, 500, 9, '2026-02-25 09:55:20'),
(495, 31, 501, 10, '2026-02-25 09:55:20'),
(496, 31, 502, 11, '2026-02-25 09:55:20'),
(497, 32, 503, 1, '2026-02-25 09:55:20'),
(498, 32, 504, 2, '2026-02-25 09:55:20'),
(499, 32, 505, 2, '2026-02-25 09:55:20'),
(500, 32, 506, 4, '2026-02-25 09:55:20'),
(501, 32, 507, 3, '2026-02-25 09:55:20'),
(502, 32, 508, 5, '2026-02-25 09:55:20'),
(503, 32, 509, 5, '2026-02-25 09:55:20'),
(504, 32, 510, 5, '2026-02-25 09:55:20'),
(505, 32, 511, 6, '2026-02-25 09:55:20'),
(506, 32, 512, 6, '2026-02-25 09:55:20'),
(507, 32, 513, 6, '2026-02-25 09:55:20'),
(508, 32, 514, 7, '2026-02-25 09:55:20'),
(509, 32, 515, 8, '2026-02-25 09:55:20'),
(510, 32, 516, 8, '2026-02-25 09:55:20'),
(511, 32, 517, 9, '2026-02-25 09:55:20'),
(512, 32, 518, 10, '2026-02-25 09:55:20'),
(513, 32, 519, 11, '2026-02-25 09:55:20'),
(514, 33, 520, 1, '2026-02-25 09:55:20'),
(515, 33, 521, 2, '2026-02-25 09:55:20'),
(516, 33, 522, 2, '2026-02-25 09:55:20'),
(517, 33, 523, 4, '2026-02-25 09:55:20'),
(518, 33, 524, 3, '2026-02-25 09:55:20'),
(519, 33, 525, 5, '2026-02-25 09:55:20'),
(520, 33, 526, 5, '2026-02-25 09:55:20'),
(521, 33, 527, 5, '2026-02-25 09:55:20'),
(522, 33, 528, 6, '2026-02-25 09:55:20'),
(523, 33, 529, 6, '2026-02-25 09:55:20'),
(524, 33, 530, 6, '2026-02-25 09:55:20'),
(525, 33, 531, 7, '2026-02-25 09:55:20'),
(526, 33, 532, 8, '2026-02-25 09:55:20'),
(527, 33, 533, 8, '2026-02-25 09:55:20'),
(528, 33, 534, 9, '2026-02-25 09:55:20'),
(529, 33, 535, 10, '2026-02-25 09:55:20'),
(530, 33, 536, 11, '2026-02-25 09:55:20'),
(531, 34, 537, 1, '2026-02-25 09:55:20'),
(532, 34, 538, 2, '2026-02-25 09:55:20'),
(533, 34, 539, 2, '2026-02-25 09:55:20'),
(534, 34, 540, 4, '2026-02-25 09:55:20'),
(535, 34, 541, 3, '2026-02-25 09:55:20'),
(536, 34, 542, 5, '2026-02-25 09:55:20'),
(537, 34, 543, 5, '2026-02-25 09:55:20'),
(538, 34, 544, 5, '2026-02-25 09:55:20'),
(539, 34, 545, 6, '2026-02-25 09:55:20'),
(540, 34, 546, 6, '2026-02-25 09:55:20'),
(541, 34, 547, 6, '2026-02-25 09:55:20'),
(542, 34, 548, 7, '2026-02-25 09:55:20'),
(543, 34, 549, 8, '2026-02-25 09:55:20'),
(544, 34, 550, 8, '2026-02-25 09:55:20'),
(545, 34, 551, 9, '2026-02-25 09:55:20'),
(546, 34, 552, 10, '2026-02-25 09:55:20'),
(547, 34, 553, 11, '2026-02-25 09:55:20'),
(548, 35, 554, 1, '2026-02-25 09:55:20'),
(549, 35, 555, 2, '2026-02-25 09:55:20'),
(550, 35, 556, 2, '2026-02-25 09:55:20'),
(551, 35, 557, 4, '2026-02-25 09:55:20'),
(552, 35, 558, 3, '2026-02-25 09:55:20'),
(553, 35, 559, 5, '2026-02-25 09:55:20'),
(554, 35, 560, 5, '2026-02-25 09:55:20'),
(555, 35, 561, 5, '2026-02-25 09:55:20'),
(556, 35, 562, 6, '2026-02-25 09:55:20'),
(557, 35, 563, 6, '2026-02-25 09:55:20'),
(558, 35, 564, 6, '2026-02-25 09:55:20'),
(559, 35, 565, 7, '2026-02-25 09:55:20'),
(560, 35, 566, 8, '2026-02-25 09:55:20'),
(561, 35, 567, 8, '2026-02-25 09:55:20'),
(562, 35, 568, 9, '2026-02-25 09:55:20'),
(563, 35, 569, 10, '2026-02-25 09:55:20'),
(564, 35, 570, 11, '2026-02-25 09:55:20'),
(565, 36, 571, 1, '2026-02-25 09:55:20'),
(566, 36, 572, 2, '2026-02-25 09:55:20'),
(567, 36, 573, 2, '2026-02-25 09:55:20'),
(568, 36, 574, 4, '2026-02-25 09:55:20'),
(569, 36, 575, 3, '2026-02-25 09:55:20'),
(570, 36, 576, 5, '2026-02-25 09:55:20'),
(571, 36, 577, 5, '2026-02-25 09:55:20'),
(572, 36, 578, 5, '2026-02-25 09:55:20'),
(573, 36, 579, 6, '2026-02-25 09:55:20'),
(574, 36, 580, 6, '2026-02-25 09:55:20'),
(575, 36, 581, 6, '2026-02-25 09:55:20'),
(576, 36, 582, 7, '2026-02-25 09:55:20'),
(577, 36, 583, 8, '2026-02-25 09:55:20'),
(578, 36, 584, 8, '2026-02-25 09:55:20'),
(579, 36, 585, 9, '2026-02-25 09:55:20'),
(580, 36, 586, 10, '2026-02-25 09:55:20'),
(581, 36, 587, 11, '2026-02-25 09:55:20'),
(582, 37, 588, 1, '2026-02-25 09:55:20'),
(583, 37, 589, 2, '2026-02-25 09:55:20'),
(584, 37, 590, 2, '2026-02-25 09:55:20'),
(585, 37, 591, 4, '2026-02-25 09:55:20'),
(586, 37, 592, 3, '2026-02-25 09:55:20'),
(587, 37, 593, 5, '2026-02-25 09:55:20'),
(588, 37, 594, 5, '2026-02-25 09:55:20'),
(589, 37, 595, 5, '2026-02-25 09:55:20'),
(590, 37, 596, 6, '2026-02-25 09:55:20'),
(591, 37, 597, 6, '2026-02-25 09:55:20'),
(592, 37, 598, 6, '2026-02-25 09:55:20'),
(593, 37, 599, 7, '2026-02-25 09:55:20'),
(594, 37, 600, 8, '2026-02-25 09:55:20'),
(595, 37, 601, 8, '2026-02-25 09:55:20'),
(596, 37, 602, 9, '2026-02-25 09:55:20'),
(597, 37, 603, 10, '2026-02-25 09:55:20'),
(598, 37, 604, 11, '2026-02-25 09:55:20'),
(599, 38, 605, 1, '2026-02-25 09:55:20'),
(600, 38, 606, 2, '2026-02-25 09:55:20'),
(601, 38, 607, 2, '2026-02-25 09:55:20'),
(602, 38, 608, 4, '2026-02-25 09:55:20'),
(603, 38, 609, 3, '2026-02-25 09:55:20'),
(604, 38, 610, 5, '2026-02-25 09:55:20'),
(605, 38, 611, 5, '2026-02-25 09:55:20'),
(606, 38, 612, 5, '2026-02-25 09:55:20'),
(607, 38, 613, 6, '2026-02-25 09:55:20'),
(608, 38, 614, 6, '2026-02-25 09:55:20'),
(609, 38, 615, 6, '2026-02-25 09:55:20'),
(610, 38, 616, 7, '2026-02-25 09:55:20'),
(611, 38, 617, 8, '2026-02-25 09:55:20'),
(612, 38, 618, 8, '2026-02-25 09:55:20'),
(613, 38, 619, 9, '2026-02-25 09:55:20'),
(614, 38, 620, 10, '2026-02-25 09:55:20'),
(615, 38, 621, 11, '2026-02-25 09:55:20'),
(616, 39, 622, 1, '2026-02-25 09:55:20'),
(617, 39, 623, 2, '2026-02-25 09:55:20'),
(618, 39, 624, 2, '2026-02-25 09:55:20'),
(619, 39, 625, 4, '2026-02-25 09:55:20'),
(620, 39, 626, 3, '2026-02-25 09:55:20'),
(621, 39, 627, 5, '2026-02-25 09:55:20'),
(622, 39, 628, 5, '2026-02-25 09:55:20'),
(623, 39, 629, 5, '2026-02-25 09:55:20'),
(624, 39, 630, 6, '2026-02-25 09:55:20'),
(625, 39, 631, 6, '2026-02-25 09:55:20'),
(626, 39, 632, 6, '2026-02-25 09:55:20'),
(627, 39, 633, 7, '2026-02-25 09:55:20'),
(628, 39, 634, 8, '2026-02-25 09:55:20'),
(629, 39, 635, 8, '2026-02-25 09:55:20'),
(630, 39, 636, 9, '2026-02-25 09:55:20'),
(631, 39, 637, 10, '2026-02-25 09:55:20'),
(632, 39, 638, 11, '2026-02-25 09:55:20'),
(633, 40, 639, 1, '2026-02-25 09:55:20'),
(634, 40, 640, 2, '2026-02-25 09:55:20'),
(635, 40, 641, 2, '2026-02-25 09:55:20'),
(636, 40, 642, 4, '2026-02-25 09:55:20'),
(637, 40, 643, 3, '2026-02-25 09:55:20'),
(638, 40, 644, 5, '2026-02-25 09:55:20'),
(639, 40, 645, 5, '2026-02-25 09:55:20'),
(640, 40, 646, 5, '2026-02-25 09:55:20'),
(641, 40, 647, 6, '2026-02-25 09:55:20'),
(642, 40, 648, 6, '2026-02-25 09:55:20'),
(643, 40, 649, 6, '2026-02-25 09:55:20'),
(644, 40, 650, 7, '2026-02-25 09:55:20'),
(645, 40, 651, 8, '2026-02-25 09:55:20'),
(646, 40, 652, 8, '2026-02-25 09:55:20'),
(647, 40, 653, 9, '2026-02-25 09:55:20'),
(648, 40, 654, 10, '2026-02-25 09:55:20'),
(649, 40, 655, 11, '2026-02-25 09:55:20'),
(650, 41, 656, 1, '2026-02-25 09:55:20'),
(651, 41, 657, 2, '2026-02-25 09:55:20'),
(652, 41, 658, 2, '2026-02-25 09:55:20'),
(653, 41, 659, 4, '2026-02-25 09:55:20'),
(654, 41, 660, 3, '2026-02-25 09:55:20'),
(655, 41, 661, 5, '2026-02-25 09:55:20'),
(656, 41, 662, 5, '2026-02-25 09:55:20'),
(657, 41, 663, 5, '2026-02-25 09:55:20'),
(658, 41, 664, 6, '2026-02-25 09:55:20'),
(659, 41, 665, 6, '2026-02-25 09:55:20'),
(660, 41, 666, 6, '2026-02-25 09:55:20'),
(661, 41, 667, 7, '2026-02-25 09:55:20'),
(662, 41, 668, 8, '2026-02-25 09:55:20'),
(663, 41, 669, 8, '2026-02-25 09:55:20'),
(664, 41, 670, 9, '2026-02-25 09:55:20'),
(665, 41, 671, 10, '2026-02-25 09:55:20'),
(666, 41, 672, 11, '2026-02-25 09:55:20'),
(667, 42, 673, 1, '2026-02-25 09:55:20'),
(668, 42, 674, 2, '2026-02-25 09:55:20'),
(669, 42, 675, 2, '2026-02-25 09:55:20'),
(670, 42, 676, 4, '2026-02-25 09:55:20'),
(671, 42, 677, 3, '2026-02-25 09:55:20'),
(672, 42, 678, 5, '2026-02-25 09:55:20'),
(673, 42, 679, 5, '2026-02-25 09:55:20'),
(674, 42, 680, 5, '2026-02-25 09:55:20'),
(675, 42, 681, 6, '2026-02-25 09:55:20'),
(676, 42, 682, 6, '2026-02-25 09:55:20'),
(677, 42, 683, 6, '2026-02-25 09:55:20'),
(678, 42, 684, 7, '2026-02-25 09:55:20'),
(679, 42, 685, 8, '2026-02-25 09:55:20'),
(680, 42, 686, 8, '2026-02-25 09:55:20'),
(681, 42, 687, 9, '2026-02-25 09:55:20'),
(682, 42, 688, 10, '2026-02-25 09:55:20'),
(683, 42, 689, 11, '2026-02-25 09:55:20'),
(684, 43, 690, 1, '2026-02-25 09:55:20'),
(685, 43, 691, 2, '2026-02-25 09:55:20'),
(686, 43, 692, 2, '2026-02-25 09:55:20'),
(687, 43, 693, 4, '2026-02-25 09:55:20'),
(688, 43, 694, 3, '2026-02-25 09:55:20'),
(689, 43, 695, 5, '2026-02-25 09:55:20'),
(690, 43, 696, 5, '2026-02-25 09:55:20'),
(691, 43, 697, 5, '2026-02-25 09:55:20'),
(692, 43, 698, 6, '2026-02-25 09:55:20'),
(693, 43, 699, 6, '2026-02-25 09:55:20'),
(694, 43, 700, 6, '2026-02-25 09:55:20'),
(695, 43, 701, 7, '2026-02-25 09:55:20'),
(696, 43, 702, 8, '2026-02-25 09:55:20'),
(697, 43, 703, 8, '2026-02-25 09:55:20'),
(698, 43, 704, 9, '2026-02-25 09:55:20'),
(699, 43, 705, 10, '2026-02-25 09:55:20'),
(700, 43, 706, 11, '2026-02-25 09:55:20'),
(701, 44, 707, 1, '2026-02-25 09:55:20'),
(702, 44, 708, 2, '2026-02-25 09:55:20'),
(703, 44, 709, 2, '2026-02-25 09:55:20'),
(704, 44, 710, 4, '2026-02-25 09:55:20'),
(705, 44, 711, 3, '2026-02-25 09:55:20'),
(706, 44, 712, 5, '2026-02-25 09:55:20'),
(707, 44, 713, 5, '2026-02-25 09:55:20'),
(708, 44, 714, 5, '2026-02-25 09:55:20'),
(709, 44, 715, 6, '2026-02-25 09:55:20'),
(710, 44, 716, 6, '2026-02-25 09:55:20'),
(711, 44, 717, 6, '2026-02-25 09:55:20'),
(712, 44, 718, 7, '2026-02-25 09:55:20'),
(713, 44, 719, 8, '2026-02-25 09:55:20'),
(714, 44, 720, 8, '2026-02-25 09:55:20'),
(715, 44, 721, 9, '2026-02-25 09:55:20'),
(716, 44, 722, 10, '2026-02-25 09:55:20'),
(717, 44, 723, 11, '2026-02-25 09:55:20'),
(718, 45, 724, 1, '2026-02-25 09:55:20'),
(719, 45, 725, 2, '2026-02-25 09:55:20'),
(720, 45, 726, 2, '2026-02-25 09:55:20'),
(721, 45, 727, 4, '2026-02-25 09:55:20'),
(722, 45, 728, 3, '2026-02-25 09:55:20'),
(723, 45, 729, 5, '2026-02-25 09:55:20'),
(724, 45, 730, 5, '2026-02-25 09:55:20'),
(725, 45, 731, 5, '2026-02-25 09:55:20'),
(726, 45, 732, 6, '2026-02-25 09:55:20'),
(727, 45, 733, 6, '2026-02-25 09:55:20'),
(728, 45, 734, 6, '2026-02-25 09:55:20'),
(729, 45, 735, 7, '2026-02-25 09:55:20'),
(730, 45, 736, 8, '2026-02-25 09:55:20'),
(731, 45, 737, 8, '2026-02-25 09:55:20'),
(732, 45, 738, 9, '2026-02-25 09:55:20'),
(733, 45, 739, 10, '2026-02-25 09:55:20'),
(734, 45, 740, 11, '2026-02-25 09:55:20'),
(735, 46, 741, 1, '2026-02-25 09:55:20'),
(736, 46, 742, 2, '2026-02-25 09:55:20'),
(737, 46, 743, 2, '2026-02-25 09:55:20'),
(738, 46, 744, 4, '2026-02-25 09:55:20'),
(739, 46, 745, 3, '2026-02-25 09:55:20'),
(740, 46, 746, 5, '2026-02-25 09:55:20'),
(741, 46, 747, 5, '2026-02-25 09:55:20'),
(742, 46, 748, 5, '2026-02-25 09:55:20'),
(743, 46, 749, 6, '2026-02-25 09:55:20'),
(744, 46, 750, 6, '2026-02-25 09:55:20'),
(745, 46, 751, 6, '2026-02-25 09:55:20'),
(746, 46, 752, 7, '2026-02-25 09:55:20'),
(747, 46, 753, 8, '2026-02-25 09:55:20'),
(748, 46, 754, 8, '2026-02-25 09:55:20'),
(749, 46, 755, 9, '2026-02-25 09:55:20'),
(750, 46, 756, 10, '2026-02-25 09:55:20'),
(751, 46, 757, 11, '2026-02-25 09:55:20'),
(752, 47, 758, 1, '2026-02-25 09:55:20'),
(753, 47, 759, 2, '2026-02-25 09:55:20'),
(754, 47, 760, 2, '2026-02-25 09:55:20'),
(755, 47, 761, 4, '2026-02-25 09:55:20'),
(756, 47, 762, 3, '2026-02-25 09:55:20'),
(757, 47, 763, 5, '2026-02-25 09:55:20'),
(758, 47, 764, 5, '2026-02-25 09:55:20'),
(759, 47, 765, 5, '2026-02-25 09:55:20'),
(760, 47, 766, 6, '2026-02-25 09:55:20'),
(761, 47, 767, 6, '2026-02-25 09:55:20'),
(762, 47, 768, 6, '2026-02-25 09:55:20'),
(763, 47, 769, 7, '2026-02-25 09:55:20'),
(764, 47, 770, 8, '2026-02-25 09:55:20'),
(765, 47, 771, 8, '2026-02-25 09:55:20'),
(766, 47, 772, 9, '2026-02-25 09:55:20'),
(767, 47, 773, 10, '2026-02-25 09:55:20'),
(768, 47, 774, 11, '2026-02-25 09:55:20'),
(769, 48, 775, 1, '2026-02-25 09:55:20'),
(770, 48, 776, 2, '2026-02-25 09:55:20'),
(771, 48, 777, 2, '2026-02-25 09:55:20'),
(772, 48, 778, 4, '2026-02-25 09:55:20'),
(773, 48, 779, 3, '2026-02-25 09:55:20'),
(774, 48, 780, 5, '2026-02-25 09:55:20'),
(775, 48, 781, 5, '2026-02-25 09:55:20'),
(776, 48, 782, 5, '2026-02-25 09:55:20'),
(777, 48, 783, 6, '2026-02-25 09:55:20'),
(778, 48, 784, 6, '2026-02-25 09:55:20'),
(779, 48, 785, 6, '2026-02-25 09:55:20'),
(780, 48, 786, 7, '2026-02-25 09:55:20'),
(781, 48, 787, 8, '2026-02-25 09:55:20'),
(782, 48, 788, 8, '2026-02-25 09:55:20'),
(783, 48, 789, 9, '2026-02-25 09:55:20'),
(784, 48, 790, 10, '2026-02-25 09:55:20'),
(785, 48, 791, 11, '2026-02-25 09:55:20'),
(786, 49, 792, 1, '2026-02-25 09:55:20'),
(787, 49, 793, 2, '2026-02-25 09:55:20'),
(788, 49, 794, 2, '2026-02-25 09:55:20'),
(789, 49, 795, 4, '2026-02-25 09:55:20'),
(790, 49, 796, 3, '2026-02-25 09:55:20'),
(791, 49, 797, 5, '2026-02-25 09:55:20'),
(792, 49, 798, 5, '2026-02-25 09:55:20'),
(793, 49, 799, 5, '2026-02-25 09:55:20'),
(794, 49, 800, 6, '2026-02-25 09:55:20'),
(795, 49, 801, 6, '2026-02-25 09:55:20'),
(796, 49, 802, 6, '2026-02-25 09:55:20'),
(797, 49, 803, 7, '2026-02-25 09:55:20'),
(798, 49, 804, 8, '2026-02-25 09:55:20'),
(799, 49, 805, 8, '2026-02-25 09:55:20'),
(800, 49, 806, 9, '2026-02-25 09:55:20'),
(801, 49, 807, 10, '2026-02-25 09:55:20'),
(802, 49, 808, 11, '2026-02-25 09:55:20'),
(803, 50, 809, 1, '2026-02-25 09:55:20'),
(804, 50, 810, 2, '2026-02-25 09:55:20'),
(805, 50, 811, 2, '2026-02-25 09:55:20'),
(806, 50, 812, 4, '2026-02-25 09:55:20'),
(807, 50, 813, 3, '2026-02-25 09:55:20'),
(808, 50, 814, 5, '2026-02-25 09:55:20'),
(809, 50, 815, 5, '2026-02-25 09:55:20'),
(810, 50, 816, 5, '2026-02-25 09:55:20'),
(811, 50, 817, 6, '2026-02-25 09:55:20'),
(812, 50, 818, 6, '2026-02-25 09:55:20'),
(813, 50, 819, 6, '2026-02-25 09:55:20'),
(814, 50, 820, 7, '2026-02-25 09:55:20'),
(815, 50, 821, 8, '2026-02-25 09:55:20'),
(816, 50, 822, 8, '2026-02-25 09:55:20'),
(817, 50, 823, 9, '2026-02-25 09:55:20'),
(818, 50, 824, 10, '2026-02-25 09:55:20'),
(819, 50, 825, 11, '2026-02-25 09:55:20'),
(820, 51, 826, 1, '2026-02-25 09:55:20'),
(821, 51, 827, 2, '2026-02-25 09:55:20'),
(822, 51, 828, 2, '2026-02-25 09:55:20'),
(823, 51, 829, 4, '2026-02-25 09:55:20'),
(824, 51, 830, 3, '2026-02-25 09:55:20'),
(825, 51, 831, 5, '2026-02-25 09:55:20'),
(826, 51, 832, 5, '2026-02-25 09:55:20'),
(827, 51, 833, 5, '2026-02-25 09:55:20'),
(828, 51, 834, 6, '2026-02-25 09:55:20'),
(829, 51, 835, 6, '2026-02-25 09:55:20'),
(830, 51, 836, 6, '2026-02-25 09:55:20'),
(831, 51, 837, 7, '2026-02-25 09:55:20'),
(832, 51, 838, 8, '2026-02-25 09:55:20'),
(833, 51, 839, 8, '2026-02-25 09:55:20'),
(834, 51, 840, 9, '2026-02-25 09:55:20'),
(835, 51, 841, 10, '2026-02-25 09:55:20'),
(836, 51, 842, 11, '2026-02-25 09:55:20'),
(837, 52, 843, 1, '2026-02-25 09:55:20'),
(838, 52, 844, 2, '2026-02-25 09:55:20'),
(839, 52, 845, 2, '2026-02-25 09:55:20'),
(840, 52, 846, 4, '2026-02-25 09:55:20'),
(841, 52, 847, 3, '2026-02-25 09:55:20'),
(842, 52, 848, 5, '2026-02-25 09:55:20'),
(843, 52, 849, 5, '2026-02-25 09:55:20'),
(844, 52, 850, 5, '2026-02-25 09:55:20'),
(845, 52, 851, 6, '2026-02-25 09:55:20'),
(846, 52, 852, 6, '2026-02-25 09:55:20'),
(847, 52, 853, 6, '2026-02-25 09:55:20'),
(848, 52, 854, 7, '2026-02-25 09:55:20'),
(849, 52, 855, 8, '2026-02-25 09:55:20'),
(850, 52, 856, 8, '2026-02-25 09:55:20'),
(851, 52, 857, 9, '2026-02-25 09:55:20'),
(852, 52, 858, 10, '2026-02-25 09:55:20'),
(853, 52, 859, 11, '2026-02-25 09:55:20'),
(854, 3, 354, 11, '2026-02-27 16:36:40');

-- --------------------------------------------------------

--
-- Tablo için tablo yapısı `community_requests`
--

CREATE TABLE `community_requests` (
  `id` int(11) NOT NULL,
  `community_id` int(11) NOT NULL,
  `user_id` int(11) NOT NULL,
  `status` enum('pending','approved','rejected') DEFAULT 'pending',
  `request_date` timestamp NOT NULL DEFAULT current_timestamp(),
  `updated_at` timestamp NOT NULL DEFAULT current_timestamp() ON UPDATE current_timestamp()
) ENGINE=InnoDB DEFAULT CHARSET=utf8mb4 COLLATE=utf8mb4_general_ci;

--
-- Tablo döküm verisi `community_requests`
--

INSERT INTO `community_requests` (`id`, `community_id`, `user_id`, `status`, `request_date`, `updated_at`) VALUES
(1, 6, 10, 'pending', '2026-02-27 11:15:45', '2026-02-27 11:15:45'),
(2, 8, 10, 'pending', '2026-02-27 11:20:55', '2026-02-27 11:20:55');

-- --------------------------------------------------------

--
-- Tablo için tablo yapısı `community_types`
--

CREATE TABLE `community_types` (
  `id` int(11) NOT NULL,
  `type_name` varchar(50) NOT NULL
) ENGINE=InnoDB DEFAULT CHARSET=utf8mb4 COLLATE=utf8mb4_general_ci;

--
-- Tablo döküm verisi `community_types`
--

INSERT INTO `community_types` (`id`, `type_name`) VALUES
(1, 'Sosyal'),
(2, 'Mesleki');

-- --------------------------------------------------------

--
-- Tablo için tablo yapısı `events`
--

CREATE TABLE `events` (
  `id` int(11) NOT NULL,
  `community_id` int(11) NOT NULL,
  `event_name` varchar(255) NOT NULL,
  `event_date` date NOT NULL,
  `location` varchar(255) NOT NULL,
  `description` text DEFAULT NULL,
  `image_url` varchar(255) DEFAULT NULL,
  `created_at` timestamp NOT NULL DEFAULT current_timestamp()
) ENGINE=InnoDB DEFAULT CHARSET=utf8mb4 COLLATE=utf8mb4_general_ci;

-- --------------------------------------------------------

--
-- Tablo için tablo yapısı `event_participants`
--

CREATE TABLE `event_participants` (
  `id` int(11) NOT NULL,
  `event_id` int(11) NOT NULL,
  `user_id` int(11) NOT NULL,
  `joined_at` timestamp NOT NULL DEFAULT current_timestamp()
) ENGINE=InnoDB DEFAULT CHARSET=utf8mb4 COLLATE=utf8mb4_general_ci;

-- --------------------------------------------------------

--
-- Tablo için tablo yapısı `member_roles`
--

CREATE TABLE `member_roles` (
  `id` int(11) NOT NULL,
  `role_name` varchar(100) NOT NULL
) ENGINE=InnoDB DEFAULT CHARSET=utf8mb4 COLLATE=utf8mb4_general_ci;

--
-- Tablo döküm verisi `member_roles`
--

INSERT INTO `member_roles` (`id`, `role_name`) VALUES
(1, 'Başkan'),
(2, 'Başkan Yardımcısı'),
(3, 'Sekreter'),
(4, 'Sayman'),
(5, 'Kurul Üyesi'),
(6, 'Kurul Yedek Üyesi'),
(7, 'Denetim Kurulu Başkanı'),
(8, 'Denetim Kurulu Üyesi'),
(9, 'Denetim Kurulu Yedek Başkanı'),
(10, 'Denetim Kurulu Yedek Üyesi'),
(11, 'Üye');

-- --------------------------------------------------------

--
-- Tablo için tablo yapısı `sliders`
--

CREATE TABLE `sliders` (
  `id` int(11) NOT NULL,
  `image_url` varchar(255) NOT NULL COMMENT 'Resmin dosya yolu veya URLsi',
  `title` varchar(100) DEFAULT NULL COMMENT 'Slider üzerindeki ana başlık',
  `subtitle` varchar(255) DEFAULT NULL COMMENT 'Slider üzerindeki alt açıklama',
  `button_link` varchar(255) DEFAULT NULL COMMENT 'Eğer resme/butona tıklanınca bir yere gidecekse',
  `display_order` int(11) DEFAULT 0 COMMENT 'Gösterme sırası (örn: 1, 2, 3)',
  `is_active` tinyint(1) DEFAULT 1 COMMENT '1: Göster, 0: Gizle (Silmeden kaldırmak için)',
  `created_at` timestamp NOT NULL DEFAULT current_timestamp()
) ENGINE=InnoDB DEFAULT CHARSET=utf8mb4 COLLATE=utf8mb4_unicode_ci;

--
-- Tablo döküm verisi `sliders`
--

INSERT INTO `sliders` (`id`, `image_url`, `title`, `subtitle`, `button_link`, `display_order`, `is_active`, `created_at`) VALUES
(1, 'https://images.unsplash.com/photo-1541339907198-e08756dedf3f', 'Lumex Üniversitesine Hoş Geldiniz', 'Kampüs yaşamını keşfet ve yeni arkadaşlar edin.', NULL, 1, 1, '2026-02-25 20:57:33'),
(2, 'https://images.unsplash.com/photo-1523240795612-9a054b0db644', 'Geleceğini Şekillendir', 'Mesleki ve sosyal 50+ topluluk seni bekliyor.', NULL, 2, 1, '2026-02-25 20:57:33'),
(3, 'https://images.unsplash.com/photo-1517486808906-6ca8b3f04846', 'Birlikte Öğren, Birlikte Büyü', 'Kendi ilgi alanına uygun topluluğu hemen bul.', NULL, 3, 1, '2026-02-25 20:57:33'),
(4, 'https://images.unsplash.com/photo-1540575467063-178a50c2df87', 'Kampüs Etkinliklerini Kaçırma', 'Konferanslar, şenlikler ve atölyelerle dolu bir yıl.', NULL, 4, 1, '2026-02-25 20:57:33'),
(5, 'https://images.unsplash.com/photo-1498243691581-b145c3f54a5a', 'Sosyalleş ve Ağını Kur', 'Üniversite hayatını sadece derslerden ibaret sanma.', NULL, 5, 1, '2026-02-25 20:57:33');

-- --------------------------------------------------------

--
-- Tablo için tablo yapısı `users`
--

CREATE TABLE `users` (
  `id` int(11) NOT NULL,
  `full_name` varchar(100) NOT NULL,
  `email` varchar(100) NOT NULL,
  `password` varchar(255) NOT NULL,
  `role` enum('student','advisor','admin') NOT NULL,
  `department` varchar(100) DEFAULT NULL,
  `created_at` timestamp NOT NULL DEFAULT current_timestamp(),
  `updated_at` timestamp NOT NULL DEFAULT current_timestamp() ON UPDATE current_timestamp()
) ENGINE=InnoDB DEFAULT CHARSET=utf8mb4 COLLATE=utf8mb4_general_ci;

--
-- Tablo döküm verisi `users`
--

INSERT INTO `users` (`id`, `full_name`, `email`, `password`, `role`, `department`, `created_at`, `updated_at`) VALUES
(10, 'Ahmet Yılmaz', 'student1@lumex.com', '123456', 'student', 'Yönetim Bilişim Sistemleri', '2026-02-23 08:58:43', '2026-02-27 11:11:08'),
(11, 'Ayşe Demir', 'student2@lumex.com', '12345', 'student', 'Bilgisayar Mühendisliği', '2026-02-23 08:58:43', '2026-02-23 08:58:43'),
(12, 'Mehmet Kaya', 'student3@lumex.com', '12345', 'student', 'İşletme', '2026-02-23 08:58:43', '2026-02-23 08:58:43'),
(13, 'Fatma Şahin', 'student4@lumex.com', '12345', 'student', 'Endüstri Mühendisliği', '2026-02-23 08:58:43', '2026-02-23 08:58:43'),
(14, 'Mustafa Öztürk', 'student5@lumex.com', '12345', 'student', 'Psikoloji', '2026-02-23 08:58:43', '2026-02-23 08:58:43'),
(15, 'Zeynep Çelik', 'student6@lumex.com', '12345', 'student', 'Hukuk', '2026-02-23 08:58:43', '2026-02-23 08:58:43'),
(16, 'Emre Aydın', 'student7@lumex.com', '12345', 'student', 'Yazılım Mühendisliği', '2026-02-23 08:58:43', '2026-02-23 08:58:43'),
(17, 'Elif Aras', 'student8@lumex.com', '12345', 'student', 'İktisat', '2026-02-23 08:58:43', '2026-02-23 08:58:43'),
(18, 'Burak Bulut', 'student9@lumex.com', '12345', 'student', 'İşletme', '2026-02-23 08:58:43', '2026-02-23 08:58:43'),
(19, 'Selin Yıldız', 'student10@lumex.com', '12345', 'student', 'Yönetim Bilişim Sistemleri', '2026-02-23 08:58:43', '2026-02-23 08:58:43'),
(20, 'Caner Aksoy', 'student11@lumex.com', '12345', 'student', 'Bilgisayar Mühendisliği', '2026-02-23 08:58:43', '2026-02-23 08:58:43'),
(21, 'Merve Güneş', 'student12@lumex.com', '12345', 'student', 'Endüstri Mühendisliği', '2026-02-23 08:58:43', '2026-02-23 08:58:43'),
(22, 'Onur Koç', 'student13@lumex.com', '12345', 'student', 'Psikoloji', '2026-02-23 08:58:43', '2026-02-23 08:58:43'),
(23, 'Deniz Kurt', 'student14@lumex.com', '12345', 'student', 'Yazılım Mühendisliği', '2026-02-23 08:58:43', '2026-02-23 08:58:43'),
(24, 'Buse Yüksel', 'student15@lumex.com', '12345', 'student', 'İşletme', '2026-02-23 08:58:43', '2026-02-23 08:58:43'),
(25, 'Gökhan Avcı', 'student16@lumex.com', '12345', 'student', 'Yönetim Bilişim Sistemleri', '2026-02-23 08:58:43', '2026-02-23 08:58:43'),
(26, 'Aslı Tecer', 'student17@lumex.com', '12345', 'student', 'Hukuk', '2026-02-23 08:58:43', '2026-02-23 08:58:43'),
(27, 'Hakan Uzun', 'student18@lumex.com', '12345', 'student', 'Bilgisayar Mühendisliği', '2026-02-23 08:58:43', '2026-02-23 08:58:43'),
(28, 'Gamze Erçel', 'student19@lumex.com', '12345', 'student', 'Psikoloji', '2026-02-23 08:58:43', '2026-02-23 08:58:43'),
(29, 'Murat Boz', 'student20@lumex.com', '12345', 'student', 'Endüstri Mühendisliği', '2026-02-23 08:58:43', '2026-02-23 08:58:43'),
(30, 'Ece Seckin', 'student21@lumex.com', '12345', 'student', 'Yazılım Mühendisliği', '2026-02-23 08:58:43', '2026-02-23 08:58:43'),
(31, 'Serkan Çayoğlu', 'student22@lumex.com', '12345', 'student', 'İktisat', '2026-02-23 08:58:43', '2026-02-23 08:58:43'),
(32, 'Demet Özdemir', 'student23@lumex.com', '12345', 'student', 'İşletme', '2026-02-23 08:58:43', '2026-02-23 08:58:43'),
(33, 'Engin Akyürek', 'student24@lumex.com', '12345', 'student', 'Yönetim Bilişim Sistemleri', '2026-02-23 08:58:43', '2026-02-23 08:58:43'),
(34, 'Neslihan Atagül', 'student25@lumex.com', '12345', 'student', 'Bilgisayar Mühendisliği', '2026-02-23 08:58:43', '2026-02-23 08:58:43'),
(35, 'Burak Özçivit', 'student26@lumex.com', '12345', 'student', 'Hukuk', '2026-02-23 08:58:43', '2026-02-23 08:58:43'),
(36, 'Fahriye Evcen', 'student27@lumex.com', '12345', 'student', 'Endüstri Mühendisliği', '2026-02-23 08:58:43', '2026-02-23 08:58:43'),
(37, 'Kadir Doğulu', 'student28@lumex.com', '12345', 'student', 'Psikoloji', '2026-02-23 08:58:43', '2026-02-23 08:58:43'),
(38, 'Tuba Büyüküstün', 'student29@lumex.com', '12345', 'student', 'Yazılım Mühendisliği', '2026-02-23 08:58:43', '2026-02-23 08:58:43'),
(39, 'Kıvanç Tatlıtuğ', 'student30@lumex.com', '12345', 'student', 'İşletme', '2026-02-23 08:58:43', '2026-02-23 08:58:43'),
(40, 'Beren Saat', 'student31@lumex.com', '12345', 'student', 'Yönetim Bilişim Sistemleri', '2026-02-23 08:58:43', '2026-02-23 08:58:43'),
(41, 'Hazal Kaya', 'student32@lumex.com', '12345', 'student', 'Bilgisayar Mühendisliği', '2026-02-23 08:58:43', '2026-02-23 08:58:43'),
(42, 'Çağatay Ulusoy', 'student33@lumex.com', '12345', 'student', 'İktisat', '2026-02-23 08:58:43', '2026-02-23 08:58:43'),
(43, 'Aras Bulut İynemli', 'student34@lumex.com', '12345', 'student', 'Endüstri Mühendisliği', '2026-02-23 08:58:43', '2026-02-23 08:58:43'),
(44, 'Dilan Çiçek Deniz', 'student35@lumex.com', '12345', 'student', 'Hukuk', '2026-02-23 08:58:43', '2026-02-23 08:58:43'),
(45, 'Mert Yazıcıoğlu', 'student36@lumex.com', '12345', 'student', 'Psikoloji', '2026-02-23 08:58:43', '2026-02-23 08:58:43'),
(46, 'Afra Saraçoğlu', 'student37@lumex.com', '12345', 'student', 'Yazılım Mühendisliği', '2026-02-23 08:58:43', '2026-02-23 08:58:43'),
(47, 'Alp Navruz', 'student38@lumex.com', '12345', 'student', 'İşletme', '2026-02-23 08:58:43', '2026-02-23 08:58:43'),
(48, 'Ayça Ayşin Turan', 'student39@lumex.com', '12345', 'student', 'Yönetim Bilişim Sistemleri', '2026-02-23 08:58:43', '2026-02-23 08:58:43'),
(49, 'Ozan Dolunay', 'student40@lumex.com', '12345', 'student', 'Bilgisayar Mühendisliği', '2026-02-23 08:58:43', '2026-02-23 08:58:43'),
(50, 'Bahar Şahin', 'student41@lumex.com', '12345', 'student', 'Hukuk', '2026-02-23 08:58:43', '2026-02-23 08:58:43'),
(51, 'Berker Güven', 'student42@lumex.com', '12345', 'student', 'Endüstri Mühendisliği', '2026-02-23 08:58:43', '2026-02-23 08:58:43'),
(52, 'Sera Kutlubey', 'student43@lumex.com', '12345', 'student', 'Psikoloji', '2026-02-23 08:58:43', '2026-02-23 08:58:43'),
(53, 'İsmail Ege Şaşmaz', 'student44@lumex.com', '12345', 'student', 'Yazılım Mühendisliği', '2026-02-23 08:58:43', '2026-02-23 08:58:43'),
(54, 'Aytaç Şaşmaz', 'student45@lumex.com', '12345', 'student', 'İktisat', '2026-02-23 08:58:43', '2026-02-23 08:58:43'),
(55, 'Cemre Baysel', 'student46@lumex.com', '12345', 'student', 'İşletme', '2026-02-23 08:58:43', '2026-02-23 08:58:43'),
(56, 'Eda Ece', 'student47@lumex.com', '12345', 'student', 'Yönetim Bilişim Sistemleri', '2026-02-23 08:58:43', '2026-02-23 08:58:43'),
(57, 'Şevval Sam', 'student48@lumex.com', '12345', 'student', 'Bilgisayar Mühendisliği', '2026-02-23 08:58:43', '2026-02-23 08:58:43'),
(58, 'Biran Damla Yılmaz', 'student49@lumex.com', '12345', 'student', 'Hukuk', '2026-02-23 08:58:43', '2026-02-23 08:58:43'),
(59, 'Furkan Andıç', 'student50@lumex.com', '12345', 'student', 'Endüstri Mühendisliği', '2026-02-23 08:58:43', '2026-02-23 08:58:43'),
(60, 'Aybüke Pusat', 'student51@lumex.com', '12345', 'student', 'Psikoloji', '2026-02-23 08:58:43', '2026-02-23 08:58:43'),
(61, 'Deniz Can Aktaş', 'student52@lumex.com', '12345', 'student', 'Yazılım Mühendisliği', '2026-02-23 08:58:43', '2026-02-23 08:58:43'),
(62, 'Hafsanur Sancaktutan', 'student53@lumex.com', '12345', 'student', 'İşletme', '2026-02-23 08:58:43', '2026-02-23 08:58:43'),
(63, 'Onur Seyit Yaran', 'student54@lumex.com', '12345', 'student', 'Yönetim Bilişim Sistemleri', '2026-02-23 08:58:43', '2026-02-23 08:58:43'),
(64, 'Su Burcu Yazgı Coşkun', 'student55@lumex.com', '12345', 'student', 'Bilgisayar Mühendisliği', '2026-02-23 08:58:43', '2026-02-23 08:58:43'),
(65, 'Yiğit Koçak', 'student56@lumex.com', '12345', 'student', 'Hukuk', '2026-02-23 08:58:43', '2026-02-23 08:58:43'),
(66, 'Lizge Cömert', 'student57@lumex.com', '12345', 'student', 'Endüstri Mühendisliği', '2026-02-23 08:58:43', '2026-02-23 08:58:43'),
(67, 'Halit Özgür Sarı', 'student58@lumex.com', '12345', 'student', 'Psikoloji', '2026-02-23 08:58:43', '2026-02-23 08:58:43'),
(68, 'Simay Barlas', 'student59@lumex.com', '12345', 'student', 'Yazılım Mühendisliği', '2026-02-23 08:58:43', '2026-02-23 08:58:43'),
(69, 'Bertan Asllani', 'student60@lumex.com', '12345', 'student', 'İktisat', '2026-02-23 08:58:43', '2026-02-23 08:58:43'),
(70, 'Dolunay Soysert', 'student61@lumex.com', '12345', 'student', 'İşletme', '2026-02-23 08:58:43', '2026-02-23 08:58:43'),
(71, 'Tayanç Ayaydın', 'student62@lumex.com', '12345', 'student', 'Yönetim Bilişim Sistemleri', '2026-02-23 08:58:43', '2026-02-23 08:58:43'),
(72, 'Hilal Altınbilek', 'student63@lumex.com', '12345', 'student', 'Bilgisayar Mühendisliği', '2026-02-23 08:58:43', '2026-02-23 08:58:43'),
(73, 'Uğur Güneş', 'student64@lumex.com', '12345', 'student', 'Hukuk', '2026-02-23 08:58:43', '2026-02-23 08:58:43'),
(74, 'Murat Ünalmış', 'student65@lumex.com', '12345', 'student', 'Endüstri Mühendisliği', '2026-02-23 08:58:43', '2026-02-23 08:58:43'),
(75, 'Vahide Perçin', 'student66@lumex.com', '12345', 'student', 'Psikoloji', '2026-02-23 08:58:43', '2026-02-23 08:58:43'),
(76, 'Kerem Alışık', 'student67@lumex.com', '12345', 'student', 'Yazılım Mühendisliği', '2026-02-23 08:58:43', '2026-02-23 08:58:43'),
(77, 'Melike İpek Yalova', 'student68@lumex.com', '12345', 'student', 'İşletme', '2026-02-23 08:58:43', '2026-02-23 08:58:43'),
(78, 'Esra Bilgiç', 'student69@lumex.com', '12345', 'student', 'Yönetim Bilişim Sistemleri', '2026-02-23 08:58:43', '2026-02-23 08:58:43'),
(79, 'Uğur Akkuş', 'student70@lumex.com', '12345', 'student', 'Bilgisayar Mühendisliği', '2026-02-23 08:58:43', '2026-02-23 08:58:43'),
(80, 'Boran Kuzum', 'student71@lumex.com', '12345', 'student', 'Hukuk', '2026-02-23 08:58:43', '2026-02-23 08:58:43'),
(81, 'Miray Daner', 'student72@lumex.com', '12345', 'student', 'Endüstri Mühendisliği', '2026-02-23 08:58:43', '2026-02-23 08:58:43'),
(82, 'Kubilay Aka', 'student73@lumex.com', '12345', 'student', 'Psikoloji', '2026-02-23 08:58:43', '2026-02-23 08:58:43'),
(83, 'Pınar Deniz', 'student74@lumex.com', '12345', 'student', 'Yazılım Mühendisliği', '2026-02-23 08:58:43', '2026-02-23 08:58:43'),
(84, 'Kaan Urgancıoğlu', 'student75@lumex.com', '12345', 'student', 'İktisat', '2026-02-23 08:58:43', '2026-02-23 08:58:43'),
(85, 'Uğur Aslan', 'student76@lumex.com', '12345', 'student', 'İşletme', '2026-02-23 08:58:43', '2026-02-23 08:58:43'),
(86, 'Mehmet Yılmaz Ak', 'student77@lumex.com', '12345', 'student', 'Yönetim Bilişim Sistemleri', '2026-02-23 08:58:43', '2026-02-23 08:58:43'),
(87, 'Zeyno Eracar', 'student78@lumex.com', '12345', 'student', 'Bilgisayar Mühendisliği', '2026-02-23 08:58:43', '2026-02-23 08:58:43'),
(88, 'Hüseyin Avni Danyal', 'student79@lumex.com', '12345', 'student', 'Hukuk', '2026-02-23 08:58:43', '2026-02-23 08:58:43'),
(89, 'Kaan Taşaner', 'student80@lumex.com', '12345', 'student', 'Endüstri Mühendisliği', '2026-02-23 08:58:43', '2026-02-23 08:58:43'),
(90, 'Sarp Levendoğlu', 'student81@lumex.com', '12345', 'student', 'Psikoloji', '2026-02-23 08:58:43', '2026-02-23 08:58:43'),
(91, 'Birce Akalay', 'student82@lumex.com', '12345', 'student', 'Yazılım Mühendisliği', '2026-02-23 08:58:43', '2026-02-23 08:58:43'),
(92, 'İbrahim Çelikkol', 'student83@lumex.com', '12345', 'student', 'İşletme', '2026-02-23 08:58:43', '2026-02-23 08:58:43'),
(93, 'Hande Soral', 'student84@lumex.com', '12345', 'student', 'Yönetim Bilişim Sistemleri', '2026-02-23 08:58:43', '2026-02-23 08:58:43'),
(94, 'İsmail Demirci', 'student85@lumex.com', '12345', 'student', 'Bilgisayar Mühendisliği', '2026-02-23 08:58:43', '2026-02-23 08:58:43'),
(95, 'Aslıhan Güner', 'student86@lumex.com', '12345', 'student', 'Hukuk', '2026-02-23 08:58:43', '2026-02-23 08:58:43'),
(96, 'Mert Kılıç', 'student87@lumex.com', '12345', 'student', 'Endüstri Mühendisliği', '2026-02-23 08:58:43', '2026-02-23 08:58:43'),
(97, 'Tuvana Türkay', 'student88@lumex.com', '12345', 'student', 'Psikoloji', '2026-02-23 08:58:43', '2026-02-23 08:58:43'),
(98, 'Ekin Koç', 'student89@lumex.com', '12345', 'student', 'Yazılım Mühendisliği', '2026-02-23 08:58:43', '2026-02-23 08:58:43'),
(99, 'Taner Ölmez', 'student90@lumex.com', '12345', 'student', 'İktisat', '2026-02-23 08:58:43', '2026-02-23 08:58:43'),
(100, 'Sinem Ünsal', 'student91@lumex.com', '12345', 'student', 'İşletme', '2026-02-23 08:58:43', '2026-02-23 08:58:43'),
(101, 'Onur Tuna', 'student92@lumex.com', '12345', 'student', 'Yönetim Bilişim Sistemleri', '2026-02-23 08:58:43', '2026-02-23 08:58:43'),
(102, 'Hazal Subaşı', 'student93@lumex.com', '12345', 'student', 'Bilgisayar Mühendisliği', '2026-02-23 08:58:43', '2026-02-23 08:58:43'),
(103, 'Ozan Akbaba', 'student94@lumex.com', '12345', 'student', 'Hukuk', '2026-02-23 08:58:43', '2026-02-23 08:58:43'),
(104, 'Yunus Emre Yıldırımer', 'student95@lumex.com', '12345', 'student', 'Endüstri Mühendisliği', '2026-02-23 08:58:43', '2026-02-23 08:58:43'),
(105, 'Gizem Karaca', 'student96@lumex.com', '12345', 'student', 'Psikoloji', '2026-02-23 08:58:43', '2026-02-23 08:58:43'),
(106, 'Ali Atay', 'student97@lumex.com', '12345', 'student', 'Yazılım Mühendisliği', '2026-02-23 08:58:43', '2026-02-23 08:58:43'),
(107, 'Ertan Saban', 'student98@lumex.com', '12345', 'student', 'İktisat', '2026-02-23 08:58:43', '2026-02-23 08:58:43'),
(108, 'Özge Özpirinçci', 'student99@lumex.com', '12345', 'student', 'İşletme', '2026-02-23 08:58:43', '2026-02-23 08:58:43'),
(109, 'Caner Cindoruk', 'student100@lumex.com', '12345', 'student', 'Yönetim Bilişim Sistemleri', '2026-02-23 08:58:43', '2026-02-23 08:58:43'),
(110, 'Melis Sezen', 'student101@lumex.com', '12345', 'student', 'Bilgisayar Mühendisliği', '2026-02-23 08:58:43', '2026-02-23 08:58:43'),
(111, 'Burak Deniz', 'student102@lumex.com', '12345', 'student', 'Hukuk', '2026-02-23 08:58:43', '2026-02-23 08:58:43'),
(112, 'Alina Boz', 'student103@lumex.com', '12345', 'student', 'Endüstri Mühendisliği', '2026-02-23 08:58:43', '2026-02-23 08:58:43'),
(113, 'Taro Emir Tekin', 'student104@lumex.com', '12345', 'student', 'Psikoloji', '2026-02-23 08:58:43', '2026-02-23 08:58:43'),
(114, 'Berkay Ateş', 'student105@lumex.com', '12345', 'student', 'Yazılım Mühendisliği', '2026-02-23 08:58:43', '2026-02-23 08:58:43'),
(115, 'Aras Aydın', 'student106@lumex.com', '12345', 'student', 'İktisat', '2026-02-23 08:58:43', '2026-02-23 08:58:43'),
(116, 'Leyla Tanlar', 'student107@lumex.com', '12345', 'student', 'İşletme', '2026-02-23 08:58:43', '2026-02-23 08:58:43'),
(117, 'Mert Ramazan Demir', 'student108@lumex.com', '12345', 'student', 'Yönetim Bilişim Sistemleri', '2026-02-23 08:58:43', '2026-02-23 08:58:43'),
(118, 'Çetin Tekindor', 'student109@lumex.com', '12345', 'student', 'Bilgisayar Mühendisliği', '2026-02-23 08:58:43', '2026-02-23 08:58:43'),
(119, 'Şerif Sezer', 'student110@lumex.com', '12345', 'student', 'Hukuk', '2026-02-23 08:58:43', '2026-02-23 08:58:43'),
(120, 'Gülçin Santırcıoğlu', 'student111@lumex.com', '12345', 'student', 'Endüstri Mühendisliği', '2026-02-23 08:58:43', '2026-02-23 08:58:43'),
(121, 'Emre Altuğ', 'student112@lumex.com', '12345', 'student', 'Psikoloji', '2026-02-23 08:58:43', '2026-02-23 08:58:43'),
(122, 'Gözde Kansu', 'student113@lumex.com', '12345', 'student', 'Yazılım Mühendisliği', '2026-02-23 08:58:43', '2026-02-23 08:58:43'),
(123, 'Ersin Arıcı', 'student114@lumex.com', '12345', 'student', 'İktisat', '2026-02-23 08:58:43', '2026-02-23 08:58:43'),
(124, 'Beril Pozam', 'student115@lumex.com', '12345', 'student', 'İşletme', '2026-02-23 08:58:43', '2026-02-23 08:58:43'),
(125, 'Diren Polatoğulları', 'student116@lumex.com', '12345', 'student', 'Yönetim Bilişim Sistemleri', '2026-02-23 08:58:43', '2026-02-23 08:58:43'),
(126, 'Öznur Serçeler', 'student117@lumex.com', '12345', 'student', 'Bilgisayar Mühendisliği', '2026-02-23 08:58:43', '2026-02-23 08:58:43'),
(127, 'İrem Helvacıoğlu', 'student118@lumex.com', '12345', 'student', 'Hukuk', '2026-02-23 08:58:43', '2026-02-23 08:58:43'),
(128, 'Ulaş Tuna Astepe', 'student119@lumex.com', '12345', 'student', 'Endüstri Mühendisliği', '2026-02-23 08:58:43', '2026-02-23 08:58:43'),
(129, 'Sinan Tuzcu', 'student120@lumex.com', '12345', 'student', 'Psikoloji', '2026-02-23 08:58:43', '2026-02-23 08:58:43'),
(130, 'Öykü Gürman', 'student121@lumex.com', '12345', 'student', 'Yazılım Mühendisliği', '2026-02-23 08:58:43', '2026-02-23 08:58:43'),
(131, 'Mehmet Ali Nuroğlu', 'student122@lumex.com', '12345', 'student', 'İktisat', '2026-02-23 08:58:43', '2026-02-23 08:58:43'),
(132, 'Gözde Mukavelat', 'student123@lumex.com', '12345', 'student', 'İşletme', '2026-02-23 08:58:43', '2026-02-23 08:58:43'),
(133, 'Çağla Demir', 'student124@lumex.com', '12345', 'student', 'Yönetim Bilişim Sistemleri', '2026-02-23 08:58:43', '2026-02-23 08:58:43'),
(134, 'Belfu Benian', 'student125@lumex.com', '12345', 'student', 'Bilgisayar Mühendisliği', '2026-02-23 08:58:43', '2026-02-23 08:58:43'),
(135, 'Duygu Üstünbaş', 'student126@lumex.com', '12345', 'student', 'Hukuk', '2026-02-23 08:58:43', '2026-02-23 08:58:43'),
(136, 'Temmuz Gürkan Karaca', 'student127@lumex.com', '12345', 'student', 'Endüstri Mühendisliği', '2026-02-23 08:58:43', '2026-02-23 08:58:43'),
(137, 'Emre Canpolat', 'student128@lumex.com', '12345', 'student', 'Psikoloji', '2026-02-23 08:58:43', '2026-02-23 08:58:43'),
(138, 'Hilmi Özçelik', 'student129@lumex.com', '12345', 'student', 'Yazılım Mühendisliği', '2026-02-23 08:58:43', '2026-02-23 08:58:43'),
(139, 'Nalan Kuruçim', 'student130@lumex.com', '12345', 'student', 'İktisat', '2026-02-23 08:58:43', '2026-02-23 08:58:43'),
(140, 'Cemre Melis Çınar', 'student131@lumex.com', '12345', 'student', 'İşletme', '2026-02-23 08:58:43', '2026-02-23 08:58:43'),
(141, 'Eren Hacısalihoğlu', 'student132@lumex.com', '12345', 'student', 'Yönetim Bilişim Sistemleri', '2026-02-23 08:58:43', '2026-02-23 08:58:43'),
(142, 'Sait Genay', 'student133@lumex.com', '12345', 'student', 'Bilgisayar Mühendisliği', '2026-02-23 08:58:43', '2026-02-23 08:58:43'),
(143, 'Nurşim Demir', 'student134@lumex.com', '12345', 'student', 'Hukuk', '2026-02-23 08:58:43', '2026-02-23 08:58:43'),
(144, 'Gülper Özdemir', 'student135@lumex.com', '12345', 'student', 'Endüstri Mühendisliği', '2026-02-23 08:58:43', '2026-02-23 08:58:43'),
(145, 'Caner Şahin', 'student136@lumex.com', '12345', 'student', 'Psikoloji', '2026-02-23 08:58:43', '2026-02-23 08:58:43'),
(146, 'Feyyaz Şerifoğlu', 'student137@lumex.com', '12345', 'student', 'Yazılım Mühendisliği', '2026-02-23 08:58:43', '2026-02-23 08:58:43'),
(147, 'Burcu Biricik', 'student138@lumex.com', '12345', 'student', 'İktisat', '2026-02-23 08:58:43', '2026-02-23 08:58:43'),
(148, 'Devrim Yakut', 'student139@lumex.com', '12345', 'student', 'İşletme', '2026-02-23 08:58:43', '2026-02-23 08:58:43'),
(149, 'Tamer Levent', 'student140@lumex.com', '12345', 'student', 'Yönetim Bilişim Sistemleri', '2026-02-23 08:58:43', '2026-02-23 08:58:43'),
(150, 'Nur Sürer', 'student141@lumex.com', '12345', 'student', 'Bilgisayar Mühendisliği', '2026-02-23 08:58:43', '2026-02-23 08:58:43'),
(151, 'Şerif Erol', 'student142@lumex.com', '12345', 'student', 'Hukuk', '2026-02-23 08:58:43', '2026-02-23 08:58:43'),
(152, 'Hande Ataizi', 'student143@lumex.com', '12345', 'student', 'Endüstri Mühendisliği', '2026-02-23 08:58:43', '2026-02-23 08:58:43'),
(153, 'Tuğrul Tülek', 'student144@lumex.com', '12345', 'student', 'Psikoloji', '2026-02-23 08:58:43', '2026-02-23 08:58:43'),
(154, 'Nihal Menzil', 'student145@lumex.com', '12345', 'student', 'Yazılım Mühendisliği', '2026-02-23 08:58:43', '2026-02-23 08:58:43'),
(155, 'Hamza Yazıcı', 'student146@lumex.com', '12345', 'student', 'İktisat', '2026-02-23 08:58:43', '2026-02-23 08:58:43'),
(156, 'Feri Baycu Güler', 'student147@lumex.com', '12345', 'student', 'İşletme', '2026-02-23 08:58:43', '2026-02-23 08:58:43'),
(157, 'Merve Polat', 'student148@lumex.com', '12345', 'student', 'Yönetim Bilişim Sistemleri', '2026-02-23 08:58:43', '2026-02-23 08:58:43'),
(158, 'Selma Ergeç', 'student149@lumex.com', '12345', 'student', 'Bilgisayar Mühendisliği', '2026-02-23 08:58:43', '2026-02-23 08:58:43'),
(159, 'Enis Arıkan', 'student150@lumex.com', '12345', 'student', 'Hukuk', '2026-02-23 08:58:43', '2026-02-23 08:58:43'),
(160, 'Engin Öztürk', 'student151@lumex.com', '12345', 'student', 'Endüstri Mühendisliği', '2026-02-23 08:58:43', '2026-02-23 08:58:43'),
(161, 'Hazar Ergüçlü', 'student152@lumex.com', '12345', 'student', 'Psikoloji', '2026-02-23 08:58:43', '2026-02-23 08:58:43'),
(162, 'Meriç Aral', 'student153@lumex.com', '12345', 'student', 'Yazılım Mühendisliği', '2026-02-23 08:58:43', '2026-02-23 08:58:43'),
(163, 'Ozan Güven', 'student154@lumex.com', '12345', 'student', 'İktisat', '2026-02-23 08:58:43', '2026-02-23 08:58:43'),
(164, 'Mehmet Günsür', 'student155@lumex.com', '12345', 'student', 'İşletme', '2026-02-23 08:58:43', '2026-02-23 08:58:43'),
(165, 'Okan Yalabık', 'student156@lumex.com', '12345', 'student', 'Yönetim Bilişim Sistemleri', '2026-02-23 08:58:43', '2026-02-23 08:58:43'),
(166, 'Meryem Uzerli', 'student157@lumex.com', '12345', 'student', 'Bilgisayar Mühendisliği', '2026-02-23 08:58:43', '2026-02-23 08:58:43'),
(167, 'Nebahat Çehre', 'student158@lumex.com', '12345', 'student', 'Hukuk', '2026-02-23 08:58:43', '2026-02-23 08:58:43'),
(168, 'Nur Fettahoğlu', 'student159@lumex.com', '12345', 'student', 'Endüstri Mühendisliği', '2026-02-23 08:58:43', '2026-02-23 08:58:43'),
(169, 'Selma Ergeç', 'student160@lumex.com', '12345', 'student', 'Psikoloji', '2026-02-23 08:58:43', '2026-02-23 08:58:43'),
(170, 'Filiz Ahmet', 'student161@lumex.com', '12345', 'student', 'Yazılım Mühendisliği', '2026-02-23 08:58:43', '2026-02-23 08:58:43'),
(171, 'Pelin Karahan', 'student162@lumex.com', '12345', 'student', 'İktisat', '2026-02-23 08:58:43', '2026-02-23 08:58:43'),
(172, 'Engin Günaydın', 'student163@lumex.com', '12345', 'student', 'İşletme', '2026-02-23 08:58:43', '2026-02-23 08:58:43'),
(173, 'Binnur Kaya', 'student164@lumex.com', '12345', 'student', 'Yönetim Bilişim Sistemleri', '2026-02-23 08:58:43', '2026-02-23 08:58:43'),
(174, 'Gökçe Bahadır', 'student165@lumex.com', '12345', 'student', 'Bilgisayar Mühendisliği', '2026-02-23 08:58:43', '2026-02-23 08:58:43'),
(175, 'Fahriye Evcen', 'student166@lumex.com', '12345', 'student', 'Hukuk', '2026-02-23 08:58:43', '2026-02-23 08:58:43'),
(176, 'Sarp Akkaya', 'student167@lumex.com', '12345', 'student', 'Endüstri Mühendisliği', '2026-02-23 08:58:43', '2026-02-23 08:58:43'),
(177, 'Kenan İmirzalıoğlu', 'student168@lumex.com', '12345', 'student', 'Psikoloji', '2026-02-23 08:58:43', '2026-02-23 08:58:43'),
(178, 'Cansu Dere', 'student169@lumex.com', '12345', 'student', 'Yazılım Mühendisliği', '2026-02-23 08:58:43', '2026-02-23 08:58:43'),
(179, 'Yiğit Özşener', 'student170@lumex.com', '12345', 'student', 'İktisat', '2026-02-23 08:58:43', '2026-02-23 08:58:43'),
(180, 'Barış Falay', 'student171@lumex.com', '12345', 'student', 'İşletme', '2026-02-23 08:58:43', '2026-02-23 08:58:43'),
(181, 'Tuncel Kurtiz', 'student172@lumex.com', '12345', 'student', 'Yönetim Bilişim Sistemleri', '2026-02-23 08:58:43', '2026-02-23 08:58:43'),
(182, 'Halit Ergenç', 'student173@lumex.com', '12345', 'student', 'Bilgisayar Mühendisliği', '2026-02-23 08:58:43', '2026-02-23 08:58:43'),
(183, 'Bergüzar Korel', 'student174@lumex.com', '12345', 'student', 'Hukuk', '2026-02-23 08:58:43', '2026-02-23 08:58:43'),
(184, 'Onur Saylak', 'student175@lumex.com', '12345', 'student', 'Endüstri Mühendisliği', '2026-02-23 08:58:43', '2026-02-23 08:58:43'),
(185, 'Saygın Soysal', 'student176@lumex.com', '12345', 'student', 'Psikoloji', '2026-02-23 08:58:43', '2026-02-23 08:58:43'),
(186, 'Sedef Avcı', 'student177@lumex.com', '12345', 'student', 'Yazılım Mühendisliği', '2026-02-23 08:58:43', '2026-02-23 08:58:43'),
(187, 'Kıvanç Kasabalı', 'student178@lumex.com', '12345', 'student', 'İktisat', '2026-02-23 08:58:43', '2026-02-23 08:58:43'),
(188, 'Başak Dizer', 'student179@lumex.com', '12345', 'student', 'İşletme', '2026-02-23 08:58:43', '2026-02-23 08:58:43'),
(189, 'İlker Kaleli', 'student180@lumex.com', '12345', 'student', 'Yönetim Bilişim Sistemleri', '2026-02-23 08:58:43', '2026-02-23 08:58:43'),
(190, 'Burçin Terzioğlu', 'student181@lumex.com', '12345', 'student', 'Bilgisayar Mühendisliği', '2026-02-23 08:58:43', '2026-02-23 08:58:43'),
(191, 'Musa Uzunlar', 'student182@lumex.com', '12345', 'student', 'Hukuk', '2026-02-23 08:58:43', '2026-02-23 08:58:43'),
(192, 'Ataberk Mutlu', 'student183@lumex.com', '12345', 'student', 'Endüstri Mühendisliği', '2026-02-23 08:58:43', '2026-02-23 08:58:43'),
(193, 'Celil Nalçakan', 'student184@lumex.com', '12345', 'student', 'Psikoloji', '2026-02-23 08:58:43', '2026-02-23 08:58:43'),
(194, 'Hare Sürel', 'student185@lumex.com', '12345', 'student', 'Yazılım Mühendisliği', '2026-02-23 08:58:43', '2026-02-23 08:58:43'),
(195, 'Ece Özdikici', 'student186@lumex.com', '12345', 'student', 'İktisat', '2026-02-23 08:58:43', '2026-02-23 08:58:43'),
(196, 'İdil Fırat', 'student187@lumex.com', '12345', 'student', 'İşletme', '2026-02-23 08:58:43', '2026-02-23 08:58:43'),
(197, 'Kanbolat Görkem Arslan', 'student188@lumex.com', '12345', 'student', 'Yönetim Bilişim Sistemleri', '2026-02-23 08:58:43', '2026-02-23 08:58:43'),
(198, 'Emel Çölgeçen', 'student189@lumex.com', '12345', 'student', 'Bilgisayar Mühendisliği', '2026-02-23 08:58:43', '2026-02-23 08:58:43'),
(199, 'Ali İl', 'student190@lumex.com', '12345', 'student', 'Hukuk', '2026-02-23 08:58:43', '2026-02-23 08:58:43'),
(200, 'Macit Koper', 'student191@lumex.com', '12345', 'student', 'Endüstri Mühendisliği', '2026-02-23 08:58:43', '2026-02-23 08:58:43'),
(201, 'Şebnem Hassanisoughi', 'student192@lumex.com', '12345', 'student', 'Psikoloji', '2026-02-23 08:58:43', '2026-02-23 08:58:43'),
(202, 'Funda Eryiğit', 'student193@lumex.com', '12345', 'student', 'Yazılım Mühendisliği', '2026-02-23 08:58:43', '2026-02-23 08:58:43'),
(203, 'Özkan Uğur', 'student194@lumex.com', '12345', 'student', 'İktisat', '2026-02-23 08:58:43', '2026-02-23 08:58:43'),
(204, 'İpek Karapınar', 'student195@lumex.com', '12345', 'student', 'İşletme', '2026-02-23 08:58:43', '2026-02-23 08:58:43'),
(205, 'Özgür Çevik', 'student196@lumex.com', '12345', 'student', 'Yönetim Bilişim Sistemleri', '2026-02-23 08:58:43', '2026-02-23 08:58:43'),
(206, 'Hazar Motan', 'student197@lumex.com', '12345', 'student', 'Bilgisayar Mühendisliği', '2026-02-23 08:58:43', '2026-02-23 08:58:43'),
(207, 'Çağla Irmak', 'student198@lumex.com', '12345', 'student', 'Hukuk', '2026-02-23 08:58:43', '2026-02-23 08:58:43'),
(208, 'Aleyna Solaker', 'student199@lumex.com', '12345', 'student', 'Endüstri Mühendisliği', '2026-02-23 08:58:43', '2026-02-23 08:58:43'),
(209, 'Gökçe Akyıldız', 'student200@lumex.com', '12345', 'student', 'Psikoloji', '2026-02-23 08:58:43', '2026-02-23 08:58:43'),
(210, 'Arif Diren', 'student201@lumex.com', '12345', 'student', 'Yazılım Mühendisliği', '2026-02-23 08:58:43', '2026-02-23 08:58:43'),
(211, 'Mehmet Aykaç', 'student202@lumex.com', '12345', 'student', 'İktisat', '2026-02-23 08:58:43', '2026-02-23 08:58:43'),
(212, 'Veda Yurtsever', 'student203@lumex.com', '12345', 'student', 'İşletme', '2026-02-23 08:58:43', '2026-02-23 08:58:43'),
(213, 'Erdal Bilingen', 'student204@lumex.com', '12345', 'student', 'Yönetim Bilişim Sistemleri', '2026-02-23 08:58:43', '2026-02-23 08:58:43'),
(214, 'Zeynep Irgat', 'student205@lumex.com', '12345', 'student', 'Bilgisayar Mühendisliği', '2026-02-23 08:58:43', '2026-02-23 08:58:43'),
(215, 'Hülya Gülşen Irmak', 'student206@lumex.com', '12345', 'student', 'Hukuk', '2026-02-23 08:58:43', '2026-02-23 08:58:43'),
(216, 'Esra Dermancıoğlu', 'student207@lumex.com', '12345', 'student', 'Endüstri Mühendisliği', '2026-02-23 08:58:43', '2026-02-23 08:58:43'),
(217, 'Sacide Taşaner', 'student208@lumex.com', '12345', 'student', 'Psikoloji', '2026-02-23 08:58:43', '2026-02-23 08:58:43'),
(218, 'Kaan Çakır', 'student209@lumex.com', '12345', 'student', 'Yazılım Mühendisliği', '2026-02-23 08:58:43', '2026-02-23 08:58:43'),
(219, 'Deniz Uğur', 'student210@lumex.com', '12345', 'student', 'İktisat', '2026-02-23 08:58:43', '2026-02-23 08:58:43'),
(220, 'Sibel Taşçıoğlu', 'student211@lumex.com', '12345', 'student', 'İşletme', '2026-02-23 08:58:43', '2026-02-23 08:58:43'),
(221, 'Settar Tanrıöğen', 'student212@lumex.com', '12345', 'student', 'Yönetim Bilişim Sistemleri', '2026-02-23 08:58:43', '2026-02-23 08:58:43'),
(222, 'Sıla Türkoğlu', 'student213@lumex.com', '12345', 'student', 'Bilgisayar Mühendisliği', '2026-02-23 08:58:43', '2026-02-23 08:58:43'),
(223, 'Doğukan Güngör', 'student214@lumex.com', '12345', 'student', 'Hukuk', '2026-02-23 08:58:43', '2026-02-23 08:58:43'),
(224, 'Evrim Alasya', 'student215@lumex.com', '12345', 'student', 'Endüstri Mühendisliği', '2026-02-23 08:58:43', '2026-02-23 08:58:43'),
(225, 'Barış Kılıç', 'student216@lumex.com', '12345', 'student', 'Psikoloji', '2026-02-23 08:58:43', '2026-02-23 08:58:43'),
(226, 'Müjde Uzman', 'student217@lumex.com', '12345', 'student', 'Yazılım Mühendisliği', '2026-02-23 08:58:43', '2026-02-23 08:58:43'),
(227, 'Ceren Karakoç', 'student218@lumex.com', '12345', 'student', 'İktisat', '2026-02-23 08:58:43', '2026-02-23 08:58:43'),
(228, 'Serkan Tınmaz', 'student219@lumex.com', '12345', 'student', 'İşletme', '2026-02-23 08:58:43', '2026-02-23 08:58:43'),
(229, 'Rahimcan Kapkap', 'student220@lumex.com', '12345', 'student', 'Yönetim Bilişim Sistemleri', '2026-02-23 08:58:43', '2026-02-23 08:58:43'),
(230, 'Selin Türkmen', 'student221@lumex.com', '12345', 'student', 'Bilgisayar Mühendisliği', '2026-02-23 08:58:43', '2026-02-23 08:58:43'),
(231, 'Soydan Soydaş', 'student222@lumex.com', '12345', 'student', 'Hukuk', '2026-02-23 08:58:43', '2026-02-23 08:58:43'),
(232, 'Alara Bozbey', 'student223@lumex.com', '12345', 'student', 'Endüstri Mühendisliği', '2026-02-23 08:58:43', '2026-02-23 08:58:43'),
(233, 'Aliye Uzunatağan', 'student224@lumex.com', '12345', 'student', 'Psikoloji', '2026-02-23 08:58:43', '2026-02-23 08:58:43'),
(234, 'Feyza Civelek', 'student225@lumex.com', '12345', 'student', 'Yazılım Mühendisliği', '2026-02-23 08:58:43', '2026-02-23 08:58:43'),
(235, 'Emrah Altıntoprak', 'student226@lumex.com', '12345', 'student', 'İktisat', '2026-02-23 08:58:43', '2026-02-23 08:58:43'),
(236, 'Ferit Kaya', 'student227@lumex.com', '12345', 'student', 'İşletme', '2026-02-23 08:58:43', '2026-02-23 08:58:43'),
(237, 'Özge Özder', 'student228@lumex.com', '12345', 'student', 'Yönetim Bilişim Sistemleri', '2026-02-23 08:58:43', '2026-02-23 08:58:43'),
(238, 'Aslı Tandoğan', 'student229@lumex.com', '12345', 'student', 'Bilgisayar Mühendisliği', '2026-02-23 08:58:43', '2026-02-23 08:58:43'),
(239, 'Nebahat Çehre', 'student230@lumex.com', '12345', 'student', 'Hukuk', '2026-02-23 08:58:43', '2026-02-23 08:58:43'),
(240, 'Selçuk Yöntem', 'student231@lumex.com', '12345', 'student', 'Endüstri Mühendisliği', '2026-02-23 08:58:43', '2026-02-23 08:58:43'),
(241, 'Zerrin Tekindor', 'student232@lumex.com', '12345', 'student', 'Psikoloji', '2026-02-23 08:58:43', '2026-02-23 08:58:43'),
(242, 'Nur Fettahoğlu', 'student233@lumex.com', '12345', 'student', 'Yazılım Mühendisliği', '2026-02-23 08:58:43', '2026-02-23 08:58:43'),
(243, 'Batuhan Karacakaya', 'student234@lumex.com', '12345', 'student', 'İktisat', '2026-02-23 08:58:43', '2026-02-23 08:58:43'),
(244, 'Baran Akbulut', 'student235@lumex.com', '12345', 'student', 'İşletme', '2026-02-23 08:58:43', '2026-02-23 08:58:43'),
(245, 'Pelin Karahan', 'student236@lumex.com', '12345', 'student', 'Yönetim Bilişim Sistemleri', '2026-02-23 08:58:43', '2026-02-23 08:58:43'),
(246, 'Ozan Güven', 'student237@lumex.com', '12345', 'student', 'Bilgisayar Mühendisliği', '2026-02-23 08:58:43', '2026-02-23 08:58:43'),
(247, 'Meryem Uzerli', 'student238@lumex.com', '12345', 'student', 'Hukuk', '2026-02-23 08:58:43', '2026-02-23 08:58:43'),
(248, 'Halit Ergenç', 'student239@lumex.com', '12345', 'student', 'Endüstri Mühendisliği', '2026-02-23 08:58:43', '2026-02-23 08:58:43'),
(249, 'Okan Yalabık', 'student240@lumex.com', '12345', 'student', 'Psikoloji', '2026-02-23 08:58:43', '2026-02-23 08:58:43'),
(250, 'Selma Ergeç', 'student241@lumex.com', '12345', 'student', 'Yazılım Mühendisliği', '2026-02-23 08:58:43', '2026-02-23 08:58:43'),
(251, 'Mehmet Günsür', 'student242@lumex.com', '12345', 'student', 'İktisat', '2026-02-23 08:58:43', '2026-02-23 08:58:43'),
(252, 'Deniz Çakır', 'student243@lumex.com', '12345', 'student', 'İşletme', '2026-02-23 08:58:43', '2026-02-23 08:58:43'),
(253, 'Gürkan Uygun', 'student244@lumex.com', '12345', 'student', 'Yönetim Bilişim Sistemleri', '2026-02-23 08:58:43', '2026-02-23 08:58:43'),
(254, 'Kenan Çoban', 'student245@lumex.com', '12345', 'student', 'Bilgisayar Mühendisliği', '2026-02-23 08:58:43', '2026-02-23 08:58:43'),
(255, 'Erhan Ufak', 'student246@lumex.com', '12345', 'student', 'Hukuk', '2026-02-23 08:58:43', '2026-02-23 08:58:43'),
(256, 'Necati Şaşmaz', 'student247@lumex.com', '12345', 'student', 'Endüstri Mühendisliği', '2026-02-23 08:58:43', '2026-02-23 08:58:43'),
(257, 'Gürkan Uygun', 'student248@lumex.com', '12345', 'student', 'Psikoloji', '2026-02-23 08:58:43', '2026-02-23 08:58:43'),
(258, 'Kenan Çoban', 'student249@lumex.com', '12345', 'student', 'Yazılım Mühendisliği', '2026-02-23 08:58:43', '2026-02-23 08:58:43'),
(259, 'Erhan Ufak', 'student250@lumex.com', '12345', 'student', 'İktisat', '2026-02-23 08:58:43', '2026-02-23 08:58:43'),
(260, 'Musa Uzunlar', 'student251@lumex.com', '12345', 'student', 'Yönetim Bilişim Sistemleri', '2026-02-23 08:59:53', '2026-02-23 08:59:53'),
(261, 'İbrahim Çelikkol', 'student252@lumex.com', '12345', 'student', 'Bilgisayar Mühendisliği', '2026-02-23 08:59:53', '2026-02-23 08:59:53'),
(262, 'Belçim Bilgin', 'student253@lumex.com', '12345', 'student', 'İşletme', '2026-02-23 08:59:53', '2026-02-23 08:59:53'),
(263, 'Alican Yücesoy', 'student254@lumex.com', '12345', 'student', 'Endüstri Mühendisliği', '2026-02-23 08:59:53', '2026-02-23 08:59:53'),
(264, 'Aslı Enver', 'student255@lumex.com', '12345', 'student', 'Psikoloji', '2026-02-23 08:59:53', '2026-02-23 08:59:53'),
(265, 'Özcan Deniz', 'student256@lumex.com', '12345', 'student', 'Hukuk', '2026-02-23 08:59:53', '2026-02-23 08:59:53'),
(266, 'Deniz Çakır', 'student257@lumex.com', '12345', 'student', 'Yazılım Mühendisliği', '2026-02-23 08:59:53', '2026-02-23 08:59:53'),
(267, 'Mert Fırat', 'student258@lumex.com', '12345', 'student', 'İktisat', '2026-02-23 08:59:53', '2026-02-23 08:59:53'),
(268, 'Ezgi Mola', 'student259@lumex.com', '12345', 'student', 'İşletme', '2026-02-23 08:59:53', '2026-02-23 08:59:53'),
(269, 'Enis Arıkan', 'student260@lumex.com', '12345', 'student', 'Yönetim Bilişim Sistemleri', '2026-02-23 08:59:53', '2026-02-23 08:59:53'),
(270, 'Şebnem Bozoklu', 'student261@lumex.com', '12345', 'student', 'Bilgisayar Mühendisliği', '2026-02-23 08:59:53', '2026-02-23 08:59:53'),
(271, 'Çağlar Ertuğrul', 'student262@lumex.com', '12345', 'student', 'Endüstri Mühendisliği', '2026-02-23 08:59:53', '2026-02-23 08:59:53'),
(272, 'Burcu Özberk', 'student263@lumex.com', '12345', 'student', 'Psikoloji', '2026-02-23 08:59:53', '2026-02-23 08:59:53'),
(273, 'Serkay Tütüncü', 'student264@lumex.com', '12345', 'student', 'Yazılım Mühendisliği', '2026-02-23 08:59:53', '2026-02-23 08:59:53'),
(274, 'İlayda Alişan', 'student265@lumex.com', '12345', 'student', 'İşletme', '2026-02-23 08:59:53', '2026-02-23 08:59:53'),
(275, 'Ozan Dolunay', 'student266@lumex.com', '12345', 'student', 'Yönetim Bilişim Sistemleri', '2026-02-23 08:59:53', '2026-02-23 08:59:53'),
(276, 'Bahar Şahin', 'student267@lumex.com', '12345', 'student', 'Hukuk', '2026-02-23 08:59:53', '2026-02-23 08:59:53'),
(277, 'Mine Tugay', 'student268@lumex.com', '12345', 'student', 'Bilgisayar Mühendisliği', '2026-02-23 08:59:53', '2026-02-23 08:59:53'),
(278, 'Barış Falay', 'student269@lumex.com', '12345', 'student', 'Psikoloji', '2026-02-23 08:59:53', '2026-02-23 08:59:53'),
(279, 'Canan Ergüder', 'student270@lumex.com', '12345', 'student', 'Endüstri Mühendisliği', '2026-02-23 08:59:53', '2026-02-23 08:59:53'),
(280, 'Ahmet Rıfat Şungar', 'student271@lumex.com', '12345', 'student', 'Yazılım Mühendisliği', '2026-02-23 08:59:53', '2026-02-23 08:59:53'),
(281, 'Fatih Artman', 'student272@lumex.com', '12345', 'student', 'İktisat', '2026-02-23 08:59:53', '2026-02-23 08:59:53'),
(282, 'İnanç Konukçu', 'student273@lumex.com', '12345', 'student', 'İşletme', '2026-02-23 08:59:53', '2026-02-23 08:59:53'),
(283, 'Berkan Şal', 'student274@lumex.com', '12345', 'student', 'Yönetim Bilişim Sistemleri', '2026-02-23 08:59:53', '2026-02-23 08:59:53'),
(284, 'Ege Aydan', 'student275@lumex.com', '12345', 'student', 'Bilgisayar Mühendisliği', '2026-02-23 08:59:53', '2026-02-23 08:59:53'),
(285, 'Ayça Damgacı', 'student276@lumex.com', '12345', 'student', 'Hukuk', '2026-02-23 08:59:53', '2026-02-23 08:59:53'),
(286, 'Leyla Selen Uçer', 'student277@lumex.com', '12345', 'student', 'Endüstri Mühendisliği', '2026-02-23 08:59:53', '2026-02-23 08:59:53'),
(287, 'Engin Öztürk', 'student278@lumex.com', '12345', 'student', 'Psikoloji', '2026-02-23 08:59:53', '2026-02-23 08:59:53'),
(288, 'Aras Bulut İynemli', 'student279@lumex.com', '12345', 'student', 'Yazılım Mühendisliği', '2026-02-23 08:59:53', '2026-02-23 08:59:53'),
(289, 'Erkan Kolçak Köstendil', 'student280@lumex.com', '12345', 'student', 'İşletme', '2026-02-23 08:59:53', '2026-02-23 08:59:53'),
(290, 'Necip Memili', 'student281@lumex.com', '12345', 'student', 'Yönetim Bilişim Sistemleri', '2026-02-23 08:59:53', '2026-02-23 08:59:53'),
(291, 'Rıza Kocaoğlu', 'student282@lumex.com', '12345', 'student', 'Bilgisayar Mühendisliği', '2026-02-23 08:59:53', '2026-02-23 08:59:53'),
(292, 'Öner Erkan', 'student283@lumex.com', '12345', 'student', 'İktisat', '2026-02-23 08:59:53', '2026-02-23 08:59:53'),
(293, 'Kubilay Aka', 'student284@lumex.com', '12345', 'student', 'Endüstri Mühendisliği', '2026-02-23 08:59:53', '2026-02-23 08:59:53'),
(294, 'Damla Sönmez', 'student285@lumex.com', '12345', 'student', 'Hukuk', '2026-02-23 08:59:53', '2026-02-23 08:59:53'),
(295, 'Hazal Subaşı', 'student286@lumex.com', '12345', 'student', 'Psikoloji', '2026-02-23 08:59:53', '2026-02-23 08:59:53'),
(296, 'Burak Dakak', 'student287@lumex.com', '12345', 'student', 'Yazılım Mühendisliği', '2026-02-23 08:59:53', '2026-02-23 08:59:53'),
(297, 'Hare Sürel', 'student288@lumex.com', '12345', 'student', 'İşletme', '2026-02-23 08:59:53', '2026-02-23 08:59:53'),
(298, 'İrem Sak', 'student289@lumex.com', '12345', 'student', 'Yönetim Bilişim Sistemleri', '2026-02-23 08:59:53', '2026-02-23 08:59:53'),
(299, 'Alperen Duymaz', 'student290@lumex.com', '12345', 'student', 'Bilgisayar Mühendisliği', '2026-02-23 08:59:53', '2026-02-23 08:59:53'),
(300, 'Melisa Aslı Pamuk', 'student291@lumex.com', '12345', 'student', 'Hukuk', '2026-02-23 08:59:53', '2026-02-23 08:59:53'),
(301, 'Erkan Can', 'student292@lumex.com', '12345', 'student', 'Endüstri Mühendisliği', '2026-02-23 08:59:53', '2026-02-23 08:59:53'),
(302, 'Hüseyin Avni Danyal', 'student293@lumex.com', '12345', 'student', 'Psikoloji', '2026-02-23 08:59:53', '2026-02-23 08:59:53'),
(303, 'Beni Affet Kadrosu', 'student294@lumex.com', '12345', 'student', 'Yazılım Mühendisliği', '2026-02-23 08:59:53', '2026-02-23 08:59:53'),
(304, 'Gaye Turgut Evin', 'student295@lumex.com', '12345', 'student', 'İktisat', '2026-02-23 08:59:53', '2026-02-23 08:59:53'),
(305, 'Saim Karakale', 'student296@lumex.com', '12345', 'student', 'İşletme', '2026-02-23 08:59:53', '2026-02-23 08:59:53'),
(306, 'Murat Danacı', 'student297@lumex.com', '12345', 'student', 'Yönetim Bilişim Sistemleri', '2026-02-23 08:59:53', '2026-02-23 08:59:53'),
(307, 'Şeyma Korkmaz', 'student298@lumex.com', '12345', 'student', 'Bilgisayar Mühendisliği', '2026-02-23 08:59:53', '2026-02-23 08:59:53'),
(308, 'Tolga Akman', 'student299@lumex.com', '12345', 'student', 'Hukuk', '2026-02-23 08:59:53', '2026-02-23 08:59:53'),
(309, 'Zeynep Yasa', 'student300@lumex.com', '12345', 'student', 'Endüstri Mühendisliği', '2026-02-23 08:59:53', '2026-02-23 08:59:53'),
(310, 'Cüneyt Mete', 'student301@lumex.com', '12345', 'student', 'Psikoloji', '2026-02-23 08:59:53', '2026-02-23 08:59:53'),
(311, 'Özgün Çoban', 'student302@lumex.com', '12345', 'student', 'Yazılım Mühendisliği', '2026-02-23 08:59:53', '2026-02-23 08:59:53'),
(312, 'Yağmur Akın', 'student303@lumex.com', '12345', 'student', 'İktisat', '2026-02-23 08:59:53', '2026-02-23 08:59:53'),
(313, 'Mert Altınışık', 'student304@lumex.com', '12345', 'student', 'İşletme', '2026-02-23 08:59:53', '2026-02-23 08:59:53'),
(314, 'Elif Karagöz', 'student305@lumex.com', '12345', 'student', 'Yönetim Bilişim Sistemleri', '2026-02-23 08:59:53', '2026-02-23 08:59:53'),
(315, 'Caner Kurtaran', 'student306@lumex.com', '12345', 'student', 'Bilgisayar Mühendisliği', '2026-02-23 08:59:53', '2026-02-23 08:59:53'),
(316, 'Güven Hokna', 'student307@lumex.com', '12345', 'student', 'Hukuk', '2026-02-23 08:59:53', '2026-02-23 08:59:53'),
(317, 'Bennu Yıldırımlar', 'student308@lumex.com', '12345', 'student', 'Endüstri Mühendisliği', '2026-02-23 08:59:53', '2026-02-23 08:59:53'),
(318, 'Halil Ergün', 'student309@lumex.com', '12345', 'student', 'Psikoloji', '2026-02-23 08:59:53', '2026-02-23 08:59:53'),
(319, 'Deniz Çakır', 'student310@lumex.com', '12345', 'student', 'Yazılım Mühendisliği', '2026-02-23 08:59:53', '2026-02-23 08:59:53'),
(320, 'Gökçe Bahadır', 'student311@lumex.com', '12345', 'student', 'İktisat', '2026-02-23 08:59:53', '2026-02-23 08:59:53'),
(321, 'Fahriye Evcen', 'student312@lumex.com', '12345', 'student', 'İşletme', '2026-02-23 08:59:53', '2026-02-23 08:59:53'),
(322, 'Tolga Karel', 'student313@lumex.com', '12345', 'student', 'Yönetim Bilişim Sistemleri', '2026-02-23 08:59:53', '2026-02-23 08:59:53'),
(323, 'Seda Demir', 'student314@lumex.com', '12345', 'student', 'Bilgisayar Mühendisliği', '2026-02-23 08:59:53', '2026-02-23 08:59:53'),
(324, 'Neslihan Atagül', 'student315@lumex.com', '12345', 'student', 'Hukuk', '2026-02-23 08:59:53', '2026-02-23 08:59:53'),
(325, 'Ahmet Saraçoğlu', 'student316@lumex.com', '12345', 'student', 'Endüstri Mühendisliği', '2026-02-23 08:59:53', '2026-02-23 08:59:53'),
(326, 'Güler Ökten', 'student317@lumex.com', '12345', 'student', 'Psikoloji', '2026-02-23 08:59:53', '2026-02-23 08:59:53'),
(327, 'Perihan Savaş', 'student318@lumex.com', '12345', 'student', 'Yazılım Mühendisliği', '2026-02-23 08:59:53', '2026-02-23 08:59:53'),
(328, 'Mustafa Avkıran', 'student319@lumex.com', '12345', 'student', 'İktisat', '2026-02-23 08:59:53', '2026-02-23 08:59:53'),
(329, 'Efsane Kadro', 'student320@lumex.com', '12345', 'student', 'İşletme', '2026-02-23 08:59:53', '2026-02-23 08:59:53'),
(330, 'Bülent İnal', 'student321@lumex.com', '12345', 'student', 'Yönetim Bilişim Sistemleri', '2026-02-23 08:59:53', '2026-02-23 08:59:53'),
(331, 'Melis Birkan', 'student322@lumex.com', '12345', 'student', 'Bilgisayar Mühendisliği', '2026-02-23 08:59:53', '2026-02-23 08:59:53'),
(332, 'Okan Yalabık', 'student323@lumex.com', '12345', 'student', 'Hukuk', '2026-02-23 08:59:53', '2026-02-23 08:59:53'),
(333, 'Saygın Soysal', 'student324@lumex.com', '12345', 'student', 'Endüstri Mühendisliği', '2026-02-23 08:59:53', '2026-02-23 08:59:53'),
(334, 'Berrak Tüzünataç', 'student325@lumex.com', '12345', 'student', 'Psikoloji', '2026-02-23 08:59:53', '2026-02-23 08:59:53'),
(335, 'Engin Altan Düzyatan', 'student326@lumex.com', '12345', 'student', 'Yazılım Mühendisliği', '2026-02-23 08:59:53', '2026-02-23 08:59:53'),
(336, 'Esra Bilgiç', 'student327@lumex.com', '12345', 'student', 'İktisat', '2026-02-23 08:59:53', '2026-02-23 08:59:53'),
(337, 'Hülya Darcan', 'student328@lumex.com', '12345', 'student', 'İşletme', '2026-02-23 08:59:53', '2026-02-23 08:59:53'),
(338, 'Cengiz Coşkun', 'student329@lumex.com', '12345', 'student', 'Yönetim Bilişim Sistemleri', '2026-02-23 08:59:53', '2026-02-23 08:59:53'),
(339, 'Nurettin Sönmez', 'student330@lumex.com', '12345', 'student', 'Bilgisayar Mühendisliği', '2026-02-23 08:59:53', '2026-02-23 08:59:53'),
(340, 'Didem Balçın', 'student331@lumex.com', '12345', 'student', 'Hukuk', '2026-02-23 08:59:53', '2026-02-23 08:59:53'),
(341, 'Kaan Taşaner', 'student332@lumex.com', '12345', 'student', 'Endüstri Mühendisliği', '2026-02-23 08:59:53', '2026-02-23 08:59:53'),
(342, 'Cavity Çetin Güner', 'student333@lumex.com', '12345', 'student', 'Psikoloji', '2026-02-23 08:59:53', '2026-02-23 08:59:53'),
(343, 'Osman Soykut', 'student334@lumex.com', '12345', 'student', 'Yazılım Mühendisliği', '2026-02-23 08:59:53', '2026-02-23 08:59:53'),
(344, 'Hande Subaşı', 'student335@lumex.com', '12345', 'student', 'İktisat', '2026-02-23 08:59:53', '2026-02-23 08:59:53'),
(345, 'Burcu Kıratlı', 'student336@lumex.com', '12345', 'student', 'İşletme', '2026-02-23 08:59:53', '2026-02-23 08:59:53'),
(346, 'Dursun Ali Erzincalı', 'student337@lumex.com', '12345', 'student', 'Yönetim Bilişim Sistemleri', '2026-02-23 08:59:53', '2026-02-23 08:59:53'),
(347, 'Burak Özçivit', 'student338@lumex.com', '12345', 'student', 'Bilgisayar Mühendisliği', '2026-02-23 08:59:53', '2026-02-23 08:59:53'),
(348, 'Nurettin Sönmez', 'student339@lumex.com', '12345', 'student', 'Hukuk', '2026-02-23 08:59:53', '2026-02-23 08:59:53'),
(349, 'Ragıp Savaş', 'student340@lumex.com', '12345', 'student', 'Endüstri Mühendisliği', '2026-02-23 08:59:53', '2026-02-23 08:59:53'),
(350, 'Saruhan Hünel', 'student341@lumex.com', '12345', 'student', 'Psikoloji', '2026-02-23 08:59:53', '2026-02-23 08:59:53'),
(351, 'İsmail Hakkı Ürün', 'student342@lumex.com', '12345', 'student', 'Yazılım Mühendisliği', '2026-02-23 08:59:53', '2026-02-23 08:59:53'),
(352, 'Ayşegül Günay', 'student343@lumex.com', '12345', 'student', 'İktisat', '2026-02-23 08:59:53', '2026-02-23 08:59:53'),
(353, 'Alma Terzic', 'student344@lumex.com', '12345', 'student', 'İşletme', '2026-02-23 08:59:53', '2026-02-23 08:59:53'),
(354, 'Emre Basalak', 'student345@lumex.com', '12345', 'student', 'Yönetim Bilişim Sistemleri', '2026-02-23 08:59:53', '2026-02-23 08:59:53'),
(355, 'Buse Arslan', 'student346@lumex.com', '12345', 'student', 'Bilgisayar Mühendisliği', '2026-02-23 08:59:53', '2026-02-23 08:59:53'),
(356, 'Aslıhan Karalar', 'student347@lumex.com', '12345', 'student', 'Hukuk', '2026-02-23 08:59:53', '2026-02-23 08:59:53'),
(357, 'Açelya Özcan', 'student348@lumex.com', '12345', 'student', 'Endüstri Mühendisliği', '2026-02-23 08:59:53', '2026-02-23 08:59:53'),
(358, 'Yiğit Uçan', 'student349@lumex.com', '12345', 'student', 'Psikoloji', '2026-02-23 08:59:53', '2026-02-23 08:59:53'),
(359, 'Çağrı Şensoy', 'student350@lumex.com', '12345', 'student', 'Yazılım Mühendisliği', '2026-02-23 08:59:53', '2026-02-23 08:59:53'),
(360, 'Teoman Kumbaracıbaşı', 'student351@lumex.com', '12345', 'student', 'İktisat', '2026-02-23 08:59:53', '2026-02-23 08:59:53'),
(361, 'Uğur Güneş', 'student352@lumex.com', '12345', 'student', 'İşletme', '2026-02-23 08:59:53', '2026-02-23 08:59:53'),
(362, 'Murat Ünalmış', 'student353@lumex.com', '12345', 'student', 'Yönetim Bilişim Sistemleri', '2026-02-23 08:59:53', '2026-02-23 08:59:53'),
(363, 'Vahide Perçin', 'student354@lumex.com', '12345', 'student', 'Bilgisayar Mühendisliği', '2026-02-23 08:59:53', '2026-02-23 08:59:53'),
(364, 'Kerem Alışık', 'student355@lumex.com', '12345', 'student', 'Hukuk', '2026-02-23 08:59:53', '2026-02-23 08:59:53'),
(365, 'Melike İpek Yalova', 'student356@lumex.com', '12345', 'student', 'Endüstri Mühendisliği', '2026-02-23 08:59:53', '2026-02-23 08:59:53'),
(366, 'Selin Genç', 'student357@lumex.com', '12345', 'student', 'Psikoloji', '2026-02-23 08:59:53', '2026-02-23 08:59:53'),
(367, 'Selin Yeninci', 'student358@lumex.com', '12345', 'student', 'Yazılım Mühendisliği', '2026-02-23 08:59:53', '2026-02-23 08:59:53'),
(368, 'Bülent Polat', 'student359@lumex.com', '12345', 'student', 'İktisat', '2026-02-23 08:59:53', '2026-02-23 08:59:53'),
(369, 'Aras Şenol', 'student360@lumex.com', '12345', 'student', 'İşletme', '2026-02-23 08:59:53', '2026-02-23 08:59:53'),
(370, 'Serpil Tamur', 'student361@lumex.com', '12345', 'student', 'Yönetim Bilişim Sistemleri', '2026-02-23 08:59:53', '2026-02-23 08:59:53'),
(371, 'Sibel Taşçıoğlu', 'student362@lumex.com', '12345', 'student', 'Bilgisayar Mühendisliği', '2026-02-23 08:59:53', '2026-02-23 08:59:53'),
(372, 'Yeliz Doğramacılar', 'student363@lumex.com', '12345', 'student', 'Hukuk', '2026-02-23 08:59:53', '2026-02-23 08:59:53'),
(373, 'İbrahim Çelikkol', 'student364@lumex.com', '12345', 'student', 'Endüstri Mühendisliği', '2026-02-23 08:59:53', '2026-02-23 08:59:53'),
(374, 'Furkan Palalı', 'student365@lumex.com', '12345', 'student', 'Psikoloji', '2026-02-23 08:59:53', '2026-02-23 08:59:53'),
(375, 'Hülya Darcan', 'student366@lumex.com', '12345', 'student', 'Yazılım Mühendisliği', '2026-02-23 08:59:53', '2026-02-23 08:59:53'),
(376, 'İlayda Çevik', 'student367@lumex.com', '12345', 'student', 'İktisat', '2026-02-23 08:59:53', '2026-02-23 08:59:53'),
(377, 'Erkan Bektaş', 'student368@lumex.com', '12345', 'student', 'İşletme', '2026-02-23 08:59:53', '2026-02-23 08:59:53'),
(378, 'Engin Akyürek', 'student369@lumex.com', '12345', 'student', 'Yönetim Bilişim Sistemleri', '2026-02-23 08:59:53', '2026-02-23 08:59:53'),
(379, 'Neslihan Atagül', 'student370@lumex.com', '12345', 'student', 'Bilgisayar Mühendisliği', '2026-02-23 08:59:53', '2026-02-23 08:59:53'),
(380, 'Uraz Kaygılaroğlu', 'student371@lumex.com', '12345', 'student', 'Hukuk', '2026-02-23 08:59:53', '2026-02-23 08:59:53'),
(381, 'Tuba Büyüküstün', 'student372@lumex.com', '12345', 'student', 'Endüstri Mühendisliği', '2026-02-23 08:59:53', '2026-02-23 08:59:53'),
(382, 'Bülent Şakrak', 'student373@lumex.com', '12345', 'student', 'Psikoloji', '2026-02-23 08:59:53', '2026-02-23 08:59:53'),
(383, 'Doğukan Polat', 'student374@lumex.com', '12345', 'student', 'Yazılım Mühendisliği', '2026-02-23 08:59:53', '2026-02-23 08:59:53'),
(384, 'Hivda Zizan Alp', 'student375@lumex.com', '12345', 'student', 'İktisat', '2026-02-23 08:59:53', '2026-02-23 08:59:53'),
(385, 'Özlem Çakar Yalçınkaya', 'student376@lumex.com', '12345', 'student', 'İşletme', '2026-02-23 08:59:53', '2026-02-23 08:59:53'),
(386, 'Erdal Küçükkömürcü', 'student377@lumex.com', '12345', 'student', 'Yönetim Bilişim Sistemleri', '2026-02-23 08:59:53', '2026-02-23 08:59:53'),
(387, 'Gonca Cilasun', 'student378@lumex.com', '12345', 'student', 'Bilgisayar Mühendisliği', '2026-02-23 08:59:53', '2026-02-23 08:59:53'),
(388, 'Tülin Yazkan', 'student379@lumex.com', '12345', 'student', 'Hukuk', '2026-02-23 08:59:53', '2026-02-23 08:59:53'),
(389, 'Berkay Hardal', 'student380@lumex.com', '12345', 'student', 'Endüstri Mühendisliği', '2026-02-23 08:59:53', '2026-02-23 08:59:53'),
(390, 'Edip Tepeli', 'student381@lumex.com', '12345', 'student', 'Psikoloji', '2026-02-23 08:59:53', '2026-02-23 08:59:53'),
(391, 'Esra Bilgiç', 'student382@lumex.com', '12345', 'student', 'Yazılım Mühendisliği', '2026-02-23 08:59:53', '2026-02-23 08:59:53');
INSERT INTO `users` (`id`, `full_name`, `email`, `password`, `role`, `department`, `created_at`, `updated_at`) VALUES
(392, 'Murat Yıldırım', 'student383@lumex.com', '12345', 'student', 'İktisat', '2026-02-23 08:59:53', '2026-02-23 08:59:53'),
(393, 'Sarp Akkaya', 'student384@lumex.com', '12345', 'student', 'İşletme', '2026-02-23 08:59:53', '2026-02-23 08:59:53'),
(394, 'Güven Murat Akpınar', 'student385@lumex.com', '12345', 'student', 'Yönetim Bilişim Sistemleri', '2026-02-23 08:59:53', '2026-02-23 08:59:53'),
(395, 'Tugay Mercan', 'student386@lumex.com', '12345', 'student', 'Bilgisayar Mühendisliği', '2026-02-23 08:59:53', '2026-02-23 08:59:53'),
(396, 'Bülent Alkış', 'student387@lumex.com', '12345', 'student', 'Hukuk', '2026-02-23 08:59:53', '2026-02-23 08:59:53'),
(397, 'İnanç Konukçu', 'student388@lumex.com', '12345', 'student', 'Endüstri Mühendisliği', '2026-02-23 08:59:53', '2026-02-23 08:59:53'),
(398, 'Aslıhan Güner', 'student389@lumex.com', '12345', 'student', 'Psikoloji', '2026-02-23 08:59:53', '2026-02-23 08:59:53'),
(399, 'Feyyaz Duman', 'student390@lumex.com', '12345', 'student', 'Yazılım Mühendisliği', '2026-02-23 08:59:53', '2026-02-23 08:59:53'),
(400, 'Kaan Urgancıoğlu', 'student391@lumex.com', '12345', 'student', 'İktisat', '2026-02-23 08:59:53', '2026-02-23 08:59:53'),
(401, 'Pınar Deniz', 'student392@lumex.com', '12345', 'student', 'İşletme', '2026-02-23 08:59:53', '2026-02-23 08:59:53'),
(402, 'Hüseyin Avni Danyal', 'student393@lumex.com', '12345', 'student', 'Yönetim Bilişim Sistemleri', '2026-02-23 08:59:53', '2026-02-23 08:59:53'),
(403, 'Uğur Polat', 'student394@lumex.com', '12345', 'student', 'Bilgisayar Mühendisliği', '2026-02-23 08:59:53', '2026-02-23 08:59:53'),
(404, 'Mehmet Yılmaz Ak', 'student395@lumex.com', '12345', 'student', 'Hukuk', '2026-02-23 08:59:53', '2026-02-23 08:59:53'),
(405, 'Zeyno Eracar', 'student396@lumex.com', '12345', 'student', 'Endüstri Mühendisliği', '2026-02-23 08:59:53', '2026-02-23 08:59:53'),
(406, 'Uğur Aslan', 'student397@lumex.com', '12345', 'student', 'Psikoloji', '2026-02-23 08:59:53', '2026-02-23 08:59:53'),
(407, 'Arda Anarat', 'student398@lumex.com', '12345', 'student', 'Yazılım Mühendisliği', '2026-02-23 08:59:53', '2026-02-23 08:59:53'),
(408, 'Onur Özaydın', 'student399@lumex.com', '12345', 'student', 'İktisat', '2026-02-23 08:59:53', '2026-02-23 08:59:53'),
(409, 'Zeynep Atılgan', 'student400@lumex.com', '12345', 'student', 'İşletme', '2026-02-23 08:59:53', '2026-02-23 08:59:53'),
(410, 'Beren Saat', 'student401@lumex.com', '12345', 'student', 'Yönetim Bilişim Sistemleri', '2026-02-23 08:59:53', '2026-02-23 08:59:53'),
(411, 'Kıvanç Tatlıtuğ', 'student402@lumex.com', '12345', 'student', 'Bilgisayar Mühendisliği', '2026-02-23 08:59:53', '2026-02-23 08:59:53'),
(412, 'Selçuk Yöntem', 'student403@lumex.com', '12345', 'student', 'Hukuk', '2026-02-23 08:59:53', '2026-02-23 08:59:53'),
(413, 'Zerrin Tekindor', 'student404@lumex.com', '12345', 'student', 'Endüstri Mühendisliği', '2026-02-23 08:59:53', '2026-02-23 08:59:53'),
(414, 'Hazal Kaya', 'student405@lumex.com', '12345', 'student', 'Psikoloji', '2026-02-23 08:59:53', '2026-02-23 08:59:53'),
(415, 'Nebahat Çehre', 'student406@lumex.com', '12345', 'student', 'Yazılım Mühendisliği', '2026-02-23 08:59:53', '2026-02-23 08:59:53'),
(416, 'Nur Fettahoğlu', 'student407@lumex.com', '12345', 'student', 'İktisat', '2026-02-23 08:59:53', '2026-02-23 08:59:53'),
(417, 'Batuhan Karacakaya', 'student408@lumex.com', '12345', 'student', 'İşletme', '2026-02-23 08:59:53', '2026-02-23 08:59:53'),
(418, 'Baran Akbulut', 'student409@lumex.com', '12345', 'student', 'Yönetim Bilişim Sistemleri', '2026-02-23 08:59:53', '2026-02-23 08:59:53'),
(419, 'Pelin Karahan', 'student410@lumex.com', '12345', 'student', 'Bilgisayar Mühendisliği', '2026-02-23 08:59:53', '2026-02-23 08:59:53'),
(420, 'Meryem Uzerli', 'student411@lumex.com', '12345', 'student', 'Hukuk', '2026-02-23 08:59:53', '2026-02-23 08:59:53'),
(421, 'Halit Ergenç', 'student412@lumex.com', '12345', 'student', 'Endüstri Mühendisliği', '2026-02-23 08:59:53', '2026-02-23 08:59:53'),
(422, 'Burak Özçivit', 'student413@lumex.com', '12345', 'student', 'Psikoloji', '2026-02-23 08:59:53', '2026-02-23 08:59:53'),
(423, 'Engin Altan Düzyatan', 'student414@lumex.com', '12345', 'student', 'Yazılım Mühendisliği', '2026-02-23 08:59:53', '2026-02-23 08:59:53'),
(424, 'Cengiz Coşkun', 'student415@lumex.com', '12345', 'student', 'İktisat', '2026-02-23 08:59:53', '2026-02-23 08:59:53'),
(425, 'Nurettin Sönmez', 'student416@lumex.com', '12345', 'student', 'İşletme', '2026-02-23 08:59:53', '2026-02-23 08:59:53'),
(426, 'Esra Bilgiç', 'student417@lumex.com', '12345', 'student', 'Yönetim Bilişim Sistemleri', '2026-02-23 08:59:53', '2026-02-23 08:59:53'),
(427, 'Hülya Darcan', 'student418@lumex.com', '12345', 'student', 'Bilgisayar Mühendisliği', '2026-02-23 08:59:53', '2026-02-23 08:59:53'),
(428, 'Didem Balçın', 'student419@lumex.com', '12345', 'student', 'Hukuk', '2026-02-23 08:59:53', '2026-02-23 08:59:53'),
(429, 'Hande Soral', 'student420@lumex.com', '12345', 'student', 'Endüstri Mühendisliği', '2026-02-23 08:59:53', '2026-02-23 08:59:53'),
(430, 'İlker Kaleli', 'student421@lumex.com', '12345', 'student', 'Psikoloji', '2026-02-23 08:59:53', '2026-02-23 08:59:53'),
(431, 'Burçin Terzioğlu', 'student422@lumex.com', '12345', 'student', 'Yazılım Mühendisliği', '2026-02-23 08:59:53', '2026-02-23 08:59:53'),
(432, 'Musa Uzunlar', 'student423@lumex.com', '12345', 'student', 'İktisat', '2026-02-23 08:59:53', '2026-02-23 08:59:53'),
(433, 'Ali İl', 'student424@lumex.com', '12345', 'student', 'İşletme', '2026-02-23 08:59:53', '2026-02-23 08:59:53'),
(434, 'Celil Nalçakan', 'student425@lumex.com', '12345', 'student', 'Yönetim Bilişim Sistemleri', '2026-02-23 08:59:53', '2026-02-23 08:59:53'),
(435, 'Hare Sürel', 'student426@lumex.com', '12345', 'student', 'Bilgisayar Mühendisliği', '2026-02-23 08:59:53', '2026-02-23 08:59:53'),
(436, 'Ece Özdikici', 'student427@lumex.com', '12345', 'student', 'Hukuk', '2026-02-23 08:59:53', '2026-02-23 08:59:53'),
(437, 'Cemre Melis Çınar', 'student428@lumex.com', '12345', 'student', 'Endüstri Mühendisliği', '2026-02-23 08:59:53', '2026-02-23 08:59:53'),
(438, 'Tolga Sarıtaş', 'student429@lumex.com', '12345', 'student', 'Psikoloji', '2026-02-23 08:59:53', '2026-02-23 08:59:53'),
(439, 'Aybüke Pusat', 'student430@lumex.com', '12345', 'student', 'Yazılım Mühendisliği', '2026-02-23 08:59:53', '2026-02-23 08:59:53'),
(440, 'Nihat Altınkaya', 'student431@lumex.com', '12345', 'student', 'İktisat', '2026-02-23 08:59:53', '2026-02-23 08:59:53'),
(441, 'Meriç Aral', 'student432@lumex.com', '12345', 'student', 'İşletme', '2026-02-23 08:59:53', '2026-02-23 08:59:53'),
(442, 'Burak Sevinç', 'student433@lumex.com', '12345', 'student', 'Yönetim Bilişim Sistemleri', '2026-02-23 08:59:53', '2026-02-23 08:59:53'),
(443, 'Görkem Sevindik', 'student434@lumex.com', '12345', 'student', 'Bilgisayar Mühendisliği', '2026-02-23 08:59:53', '2026-02-23 08:59:53'),
(444, 'Eren Vurdem', 'student435@lumex.com', '12345', 'student', 'Hukuk', '2026-02-23 08:59:53', '2026-02-23 08:59:53'),
(445, 'Aytaç Şaşmaz', 'student436@lumex.com', '12345', 'student', 'Endüstri Mühendisliği', '2026-02-23 08:59:53', '2026-02-23 08:59:53'),
(446, 'Doğukan Polat', 'student437@lumex.com', '12345', 'student', 'Psikoloji', '2026-02-23 08:59:53', '2026-02-23 08:59:53'),
(447, 'İlayda Ildır', 'student438@lumex.com', '12345', 'student', 'Yazılım Mühendisliği', '2026-02-23 08:59:53', '2026-02-23 08:59:53'),
(448, 'Yağmur Ünal', 'student439@lumex.com', '12345', 'student', 'İktisat', '2026-02-23 08:59:53', '2026-02-23 08:59:53'),
(449, 'Cansu Dere', 'student440@lumex.com', '12345', 'student', 'İşletme', '2026-02-23 08:59:53', '2026-02-23 08:59:53'),
(450, 'Caner Cindoruk', 'student441@lumex.com', '12345', 'student', 'Yönetim Bilişim Sistemleri', '2026-02-23 08:59:53', '2026-02-23 08:59:53'),
(451, 'Melis Sezen', 'student442@lumex.com', '12345', 'student', 'Bilgisayar Mühendisliği', '2026-02-23 08:59:53', '2026-02-23 08:59:53'),
(452, 'Özge Özder', 'student443@lumex.com', '12345', 'student', 'Hukuk', '2026-02-23 08:59:53', '2026-02-23 08:59:53'),
(453, 'Yeliz Kuvancı', 'student444@lumex.com', '12345', 'student', 'Endüstri Mühendisliği', '2026-02-23 08:59:53', '2026-02-23 08:59:53'),
(454, 'Olgun Toker', 'student445@lumex.com', '12345', 'student', 'Psikoloji', '2026-02-23 08:59:53', '2026-02-23 08:59:53'),
(455, 'Nazlı Bulum', 'student446@lumex.com', '12345', 'student', 'Yazılım Mühendisliği', '2026-02-23 08:59:53', '2026-02-23 08:59:53'),
(456, 'Gözde Kansu', 'student447@lumex.com', '12345', 'student', 'İktisat', '2026-02-23 08:59:53', '2026-02-23 08:59:53'),
(457, 'Ali İl', 'student448@lumex.com', '12345', 'student', 'İşletme', '2026-02-23 08:59:53', '2026-02-23 08:59:53'),
(458, 'Alp Akar', 'student449@lumex.com', '12345', 'student', 'Yönetim Bilişim Sistemleri', '2026-02-23 08:59:53', '2026-02-23 08:59:53'),
(459, 'Beren Gökyıldız', 'student450@lumex.com', '12345', 'student', 'Bilgisayar Mühendisliği', '2026-02-23 08:59:53', '2026-02-23 08:59:53'),
(460, 'Aras Bulut İynemli', 'student451@lumex.com', '12345', 'student', 'Hukuk', '2026-02-23 08:59:53', '2026-02-23 08:59:53'),
(461, 'Dilan Çiçek Deniz', 'student452@lumex.com', '12345', 'student', 'Endüstri Mühendisliği', '2026-02-23 08:59:53', '2026-02-23 08:59:53'),
(462, 'Erkan Kolçak Köstendil', 'student453@lumex.com', '12345', 'student', 'Psikoloji', '2026-02-23 08:59:53', '2026-02-23 08:59:53'),
(463, 'Öner Erkan', 'student454@lumex.com', '12345', 'student', 'Yazılım Mühendisliği', '2026-02-23 08:59:53', '2026-02-23 08:59:53'),
(464, 'Rıza Kocaoğlu', 'student455@lumex.com', '12345', 'student', 'İktisat', '2026-02-23 08:59:53', '2026-02-23 08:59:53'),
(465, 'Necip Memili', 'student456@lumex.com', '12345', 'student', 'İşletme', '2026-02-23 08:59:53', '2026-02-23 08:59:53'),
(466, 'Kubilay Aka', 'student457@lumex.com', '12345', 'student', 'Yönetim Bilişim Sistemleri', '2026-02-23 08:59:53', '2026-02-23 08:59:53'),
(467, 'Damla Sönmez', 'student458@lumex.com', '12345', 'student', 'Bilgisayar Mühendisliği', '2026-02-23 08:59:53', '2026-02-23 08:59:53'),
(468, 'Hazal Subaşı', 'student459@lumex.com', '12345', 'student', 'Hukuk', '2026-02-23 08:59:53', '2026-02-23 08:59:53'),
(469, 'Burak Dakak', 'student460@lumex.com', '12345', 'student', 'Endüstri Mühendisliği', '2026-02-23 08:59:53', '2026-02-23 08:59:53'),
(470, 'Hare Sürel', 'student461@lumex.com', '12345', 'student', 'Psikoloji', '2026-02-23 08:59:53', '2026-02-23 08:59:53'),
(471, 'İrem Sak', 'student462@lumex.com', '12345', 'student', 'Yazılım Mühendisliği', '2026-02-23 08:59:53', '2026-02-23 08:59:53'),
(472, 'Mustafa Avkıran', 'student463@lumex.com', '12345', 'student', 'İktisat', '2026-02-23 08:59:53', '2026-02-23 08:59:53'),
(473, 'Suna Yıldızoğlu', 'student464@lumex.com', '12345', 'student', 'İşletme', '2026-02-23 08:59:53', '2026-02-23 08:59:53'),
(474, 'Nur Sürer', 'student465@lumex.com', '12345', 'student', 'Yönetim Bilişim Sistemleri', '2026-02-23 08:59:53', '2026-02-23 08:59:53'),
(475, 'Meral Çetinkaya', 'student466@lumex.com', '12345', 'student', 'Bilgisayar Mühendisliği', '2026-02-23 08:59:53', '2026-02-23 08:59:53'),
(476, 'Kadın Dizisi Kadrosu', 'student467@lumex.com', '12345', 'student', 'Hukuk', '2026-02-23 08:59:53', '2026-02-23 08:59:53'),
(477, 'Özge Özpirinçci', 'student468@lumex.com', '12345', 'student', 'Endüstri Mühendisliği', '2026-02-23 08:59:53', '2026-02-23 08:59:53'),
(478, 'Caner Cindoruk', 'student469@lumex.com', '12345', 'student', 'Psikoloji', '2026-02-23 08:59:53', '2026-02-23 08:59:53'),
(479, 'Bennu Yıldırımlar', 'student470@lumex.com', '12345', 'student', 'Yazılım Mühendisliği', '2026-02-23 08:59:53', '2026-02-23 08:59:53'),
(480, 'Seray Kaya', 'student471@lumex.com', '12345', 'student', 'İktisat', '2026-02-23 08:59:53', '2026-02-23 08:59:53'),
(481, 'Şerif Erol', 'student472@lumex.com', '12345', 'student', 'İşletme', '2026-02-23 08:59:53', '2026-02-23 08:59:53'),
(482, 'Feyyaz Duman', 'student473@lumex.com', '12345', 'student', 'Yönetim Bilişim Sistemleri', '2026-02-23 08:59:53', '2026-02-23 08:59:53'),
(483, 'Ahmet Rıfat Şungar', 'student474@lumex.com', '12345', 'student', 'Bilgisayar Mühendisliği', '2026-02-23 08:59:53', '2026-02-23 08:59:53'),
(484, 'Gökçe Eyüboğlu', 'student475@lumex.com', '12345', 'student', 'Hukuk', '2026-02-23 08:59:53', '2026-02-23 08:59:53'),
(485, 'Kübra Süzgün', 'student476@lumex.com', '12345', 'student', 'Endüstri Mühendisliği', '2026-02-23 08:59:53', '2026-02-23 08:59:53'),
(486, 'Ali Semi Sefil', 'student477@lumex.com', '12345', 'student', 'Psikoloji', '2026-02-23 08:59:53', '2026-02-23 08:59:53'),
(487, 'Hümeyra', 'student478@lumex.com', '12345', 'student', 'Yazılım Mühendisliği', '2026-02-23 08:59:53', '2026-02-23 08:59:53'),
(488, 'Zerrin Tekindor', 'student479@lumex.com', '12345', 'student', 'İktisat', '2026-02-23 08:59:53', '2026-02-23 08:59:53'),
(489, 'Hakan Kurtaş', 'student480@lumex.com', '12345', 'student', 'İşletme', '2026-02-23 08:59:53', '2026-02-23 08:59:53'),
(490, 'Metin Akdülger', 'student481@lumex.com', '12345', 'student', 'Yönetim Bilişim Sistemleri', '2026-02-23 08:59:53', '2026-02-23 08:59:53'),
(491, 'Borcu Biricik', 'student482@lumex.com', '12345', 'student', 'Bilgisayar Mühendisliği', '2026-02-23 08:59:53', '2026-02-23 08:59:53'),
(492, 'Feyyaz Şerifoğlu', 'student483@lumex.com', '12345', 'student', 'Hukuk', '2026-02-23 08:59:53', '2026-02-23 08:59:53'),
(493, 'Tamer Levent', 'student484@lumex.com', '12345', 'student', 'Endüstri Mühendisliği', '2026-02-23 08:59:53', '2026-02-23 08:59:53'),
(494, 'Devrim Yakut', 'student485@lumex.com', '12345', 'student', 'Psikoloji', '2026-02-23 08:59:53', '2026-02-23 08:59:53'),
(495, 'Nur Sürer', 'student486@lumex.com', '12345', 'student', 'Yazılım Mühendisliği', '2026-02-23 08:59:53', '2026-02-23 08:59:53'),
(496, 'Şerif Erol', 'student487@lumex.com', '12345', 'student', 'İktisat', '2026-02-23 08:59:53', '2026-02-23 08:59:53'),
(497, 'Selma Ergeç', 'student488@lumex.com', '12345', 'student', 'İşletme', '2026-02-23 08:59:53', '2026-02-23 08:59:53'),
(498, 'Enis Arıkan', 'student489@lumex.com', '12345', 'student', 'Yönetim Bilişim Sistemleri', '2026-02-23 08:59:53', '2026-02-23 08:59:53'),
(499, 'Feri Baycu Güler', 'student490@lumex.com', '12345', 'student', 'Bilgisayar Mühendisliği', '2026-02-23 08:59:53', '2026-02-23 08:59:53'),
(500, 'Merve Polat', 'student491@lumex.com', '12345', 'student', 'Hukuk', '2026-02-23 08:59:53', '2026-02-23 08:59:53'),
(501, 'Nihal Menzil', 'student492@lumex.com', '12345', 'student', 'Endüstri Mühendisliği', '2026-02-23 08:59:53', '2026-02-23 08:59:53'),
(502, 'Hamza Yazıcı', 'student493@lumex.com', '12345', 'student', 'Psikoloji', '2026-02-23 08:59:53', '2026-02-23 08:59:53'),
(503, 'Hande Ataizi', 'student494@lumex.com', '12345', 'student', 'Yazılım Mühendisliği', '2026-02-23 08:59:53', '2026-02-23 08:59:53'),
(504, 'Tuğrul Tülek', 'student495@lumex.com', '12345', 'student', 'İktisat', '2026-02-23 08:59:53', '2026-02-23 08:59:53'),
(505, 'Kaan Urgancıoğlu', 'student496@lumex.com', '12345', 'student', 'İşletme', '2026-02-23 08:59:53', '2026-02-23 08:59:53'),
(506, 'Pınar Deniz', 'student497@lumex.com', '12345', 'student', 'Yönetim Bilişim Sistemleri', '2026-02-23 08:59:53', '2026-02-23 08:59:53'),
(507, 'Hüseyin Avni Danyal', 'student498@lumex.com', '12345', 'student', 'Bilgisayar Mühendisliği', '2026-02-23 08:59:53', '2026-02-23 08:59:53'),
(508, 'Uğur Polat', 'student499@lumex.com', '12345', 'student', 'Hukuk', '2026-02-23 08:59:53', '2026-02-23 08:59:53'),
(509, 'Mehmet Yılmaz Ak', 'student500@lumex.com', '12345', 'student', 'Endüstri Mühendisliği', '2026-02-23 08:59:53', '2026-02-23 08:59:53'),
(510, 'Zeyno Eracar', 'student501@lumex.com', '12345', 'student', 'Yönetim Bilişim Sistemleri', '2026-02-23 09:00:52', '2026-02-23 09:00:52'),
(511, 'Uğur Aslan', 'student502@lumex.com', '12345', 'student', 'Bilgisayar Mühendisliği', '2026-02-23 09:00:52', '2026-02-23 09:00:52'),
(512, 'Arda Anarat', 'student503@lumex.com', '12345', 'student', 'İşletme', '2026-02-23 09:00:52', '2026-02-23 09:00:52'),
(513, 'Onur Özaydın', 'student504@lumex.com', '12345', 'student', 'Endüstri Mühendisliği', '2026-02-23 09:00:52', '2026-02-23 09:00:52'),
(514, 'Zeynep Atılgan', 'student505@lumex.com', '12345', 'student', 'Psikoloji', '2026-02-23 09:00:52', '2026-02-23 09:00:52'),
(515, 'Beren Saat', 'student506@lumex.com', '12345', 'student', 'Hukuk', '2026-02-23 09:00:52', '2026-02-23 09:00:52'),
(516, 'Kıvanç Tatlıtuğ', 'student507@lumex.com', '12345', 'student', 'Yazılım Mühendisliği', '2026-02-23 09:00:52', '2026-02-23 09:00:52'),
(517, 'Selçuk Yöntem', 'student508@lumex.com', '12345', 'student', 'İktisat', '2026-02-23 09:00:52', '2026-02-23 09:00:52'),
(518, 'Zerrin Tekindor', 'student509@lumex.com', '12345', 'student', 'İşletme', '2026-02-23 09:00:52', '2026-02-23 09:00:52'),
(519, 'Hazal Kaya', 'student510@lumex.com', '12345', 'student', 'Yönetim Bilişim Sistemleri', '2026-02-23 09:00:52', '2026-02-23 09:00:52'),
(520, 'Nebahat Çehre', 'student511@lumex.com', '12345', 'student', 'Bilgisayar Mühendisliği', '2026-02-23 09:00:52', '2026-02-23 09:00:52'),
(521, 'Nur Fettahoğlu', 'student512@lumex.com', '12345', 'student', 'Hukuk', '2026-02-23 09:00:52', '2026-02-23 09:00:52'),
(522, 'Batuhan Karacakaya', 'student513@lumex.com', '12345', 'student', 'Endüstri Mühendisliği', '2026-02-23 09:00:52', '2026-02-23 09:00:52'),
(523, 'Baran Akbulut', 'student514@lumex.com', '12345', 'student', 'Psikoloji', '2026-02-23 09:00:52', '2026-02-23 09:00:52'),
(524, 'Pelin Karahan', 'student515@lumex.com', '12345', 'student', 'Yazılım Mühendisliği', '2026-02-23 09:00:52', '2026-02-23 09:00:52'),
(525, 'Ozan Güven', 'student516@lumex.com', '12345', 'student', 'İktisat', '2026-02-23 09:00:52', '2026-02-23 09:00:52'),
(526, 'Meryem Uzerli', 'student517@lumex.com', '12345', 'student', 'İşletme', '2026-02-23 09:00:52', '2026-02-23 09:00:52'),
(527, 'Halit Ergenç', 'student518@lumex.com', '12345', 'student', 'Yönetim Bilişim Sistemleri', '2026-02-23 09:00:52', '2026-02-23 09:00:52'),
(528, 'Burak Özçivit', 'student519@lumex.com', '12345', 'student', 'Bilgisayar Mühendisliği', '2026-02-23 09:00:52', '2026-02-23 09:00:52'),
(529, 'Engin Altan Düzyatan', 'student520@lumex.com', '12345', 'student', 'Hukuk', '2026-02-23 09:00:52', '2026-02-23 09:00:52'),
(530, 'Cengiz Coşkun', 'student521@lumex.com', '12345', 'student', 'Endüstri Mühendisliği', '2026-02-23 09:00:52', '2026-02-23 09:00:52'),
(531, 'Nurettin Sönmez', 'student522@lumex.com', '12345', 'student', 'Psikoloji', '2026-02-23 09:00:52', '2026-02-23 09:00:52'),
(532, 'Esra Bilgiç', 'student523@lumex.com', '12345', 'student', 'Yazılım Mühendisliği', '2026-02-23 09:00:52', '2026-02-23 09:00:52'),
(533, 'Hülya Darcan', 'student524@lumex.com', '12345', 'student', 'İktisat', '2026-02-23 09:00:52', '2026-02-23 09:00:52'),
(534, 'Didem Balçın', 'student525@lumex.com', '12345', 'student', 'İşletme', '2026-02-23 09:00:52', '2026-02-23 09:00:52'),
(535, 'Hande Soral', 'student526@lumex.com', '12345', 'student', 'Yönetim Bilişim Sistemleri', '2026-02-23 09:00:52', '2026-02-23 09:00:52'),
(536, 'İlker Kaleli', 'student527@lumex.com', '12345', 'student', 'Bilgisayar Mühendisliği', '2026-02-23 09:00:52', '2026-02-23 09:00:52'),
(537, 'Burçin Terzioğlu', 'student528@lumex.com', '12345', 'student', 'Hukuk', '2026-02-23 09:00:52', '2026-02-23 09:00:52'),
(538, 'Musa Uzunlar', 'student529@lumex.com', '12345', 'student', 'Endüstri Mühendisliği', '2026-02-23 09:00:52', '2026-02-23 09:00:52'),
(539, 'Ali İl', 'student530@lumex.com', '12345', 'student', 'Psikoloji', '2026-02-23 09:00:52', '2026-02-23 09:00:52'),
(540, 'Celil Nalçakan', 'student531@lumex.com', '12345', 'student', 'Yazılım Mühendisliği', '2026-02-23 09:00:52', '2026-02-23 09:00:52'),
(541, 'Hare Sürel', 'student532@lumex.com', '12345', 'student', 'İktisat', '2026-02-23 09:00:52', '2026-02-23 09:00:52'),
(542, 'Ece Özdikici', 'student533@lumex.com', '12345', 'student', 'İşletme', '2026-02-23 09:00:52', '2026-02-23 09:00:52'),
(543, 'Cemre Melis Çınar', 'student534@lumex.com', '12345', 'student', 'Yönetim Bilişim Sistemleri', '2026-02-23 09:00:52', '2026-02-23 09:00:52'),
(544, 'Tolga Sarıtaş', 'student535@lumex.com', '12345', 'student', 'Bilgisayar Mühendisliği', '2026-02-23 09:00:52', '2026-02-23 09:00:52'),
(545, 'Aybüke Pusat', 'student536@lumex.com', '12345', 'student', 'Hukuk', '2026-02-23 09:00:52', '2026-02-23 09:00:52'),
(546, 'Nihat Altınkaya', 'student537@lumex.com', '12345', 'student', 'Endüstri Mühendisliği', '2026-02-23 09:00:52', '2026-02-23 09:00:52'),
(547, 'Meriç Aral', 'student538@lumex.com', '12345', 'student', 'Psikoloji', '2026-02-23 09:00:52', '2026-02-23 09:00:52'),
(548, 'Burak Sevinç', 'student539@lumex.com', '12345', 'student', 'Yazılım Mühendisliği', '2026-02-23 09:00:52', '2026-02-23 09:00:52'),
(549, 'Görkem Sevindik', 'student540@lumex.com', '12345', 'student', 'İktisat', '2026-02-23 09:00:52', '2026-02-23 09:00:52'),
(550, 'Eren Vurdem', 'student541@lumex.com', '12345', 'student', 'İşletme', '2026-02-23 09:00:52', '2026-02-23 09:00:52'),
(551, 'Aytaç Şaşmaz', 'student542@lumex.com', '12345', 'student', 'Yönetim Bilişim Sistemleri', '2026-02-23 09:00:52', '2026-02-23 09:00:52'),
(552, 'Doğukan Polat', 'student543@lumex.com', '12345', 'student', 'Bilgisayar Mühendisliği', '2026-02-23 09:00:52', '2026-02-23 09:00:52'),
(553, 'İlayda Ildır', 'student544@lumex.com', '12345', 'student', 'Hukuk', '2026-02-23 09:00:52', '2026-02-23 09:00:52'),
(554, 'Yağmur Ünal', 'student545@lumex.com', '12345', 'student', 'Endüstri Mühendisliği', '2026-02-23 09:00:52', '2026-02-23 09:00:52'),
(555, 'Cansu Dere', 'student546@lumex.com', '12345', 'student', 'Psikoloji', '2026-02-23 09:00:52', '2026-02-23 09:00:52'),
(556, 'Caner Cindoruk', 'student547@lumex.com', '12345', 'student', 'Yazılım Mühendisliği', '2026-02-23 09:00:52', '2026-02-23 09:00:52'),
(557, 'Melis Sezen', 'student548@lumex.com', '12345', 'student', 'İktisat', '2026-02-23 09:00:52', '2026-02-23 09:00:52'),
(558, 'Özge Özder', 'student549@lumex.com', '12345', 'student', 'İşletme', '2026-02-23 09:00:52', '2026-02-23 09:00:52'),
(559, 'Yeliz Kuvancı', 'student550@lumex.com', '12345', 'student', 'Yönetim Bilişim Sistemleri', '2026-02-23 09:00:52', '2026-02-23 09:00:52'),
(560, 'Olgun Toker', 'student551@lumex.com', '12345', 'student', 'Bilgisayar Mühendisliği', '2026-02-23 09:00:52', '2026-02-23 09:00:52'),
(561, 'Nazlı Bulum', 'student552@lumex.com', '12345', 'student', 'Hukuk', '2026-02-23 09:00:52', '2026-02-23 09:00:52'),
(562, 'Gözde Kansu', 'student553@lumex.com', '12345', 'student', 'Endüstri Mühendisliği', '2026-02-23 09:00:52', '2026-02-23 09:00:52'),
(563, 'Ali İl', 'student554@lumex.com', '12345', 'student', 'Psikoloji', '2026-02-23 09:00:52', '2026-02-23 09:00:52'),
(564, 'Alp Akar', 'student555@lumex.com', '12345', 'student', 'Yazılım Mühendisliği', '2026-02-23 09:00:52', '2026-02-23 09:00:52'),
(565, 'Beren Gökyıldız', 'student556@lumex.com', '12345', 'student', 'İktisat', '2026-02-23 09:00:52', '2026-02-23 09:00:52'),
(566, 'Aras Bulut İynemli', 'student557@lumex.com', '12345', 'student', 'İşletme', '2026-02-23 09:00:52', '2026-02-23 09:00:52'),
(567, 'Dilan Çiçek Deniz', 'student558@lumex.com', '12345', 'student', 'Yönetim Bilişim Sistemleri', '2026-02-23 09:00:52', '2026-02-23 09:00:52'),
(568, 'Erkan Kolçak Köstendil', 'student559@lumex.com', '12345', 'student', 'Bilgisayar Mühendisliği', '2026-02-23 09:00:52', '2026-02-23 09:00:52'),
(569, 'Öner Erkan', 'student560@lumex.com', '12345', 'student', 'Hukuk', '2026-02-23 09:00:52', '2026-02-23 09:00:52'),
(570, 'Rıza Kocaoğlu', 'student561@lumex.com', '12345', 'student', 'Endüstri Mühendisliği', '2026-02-23 09:00:52', '2026-02-23 09:00:52'),
(571, 'Necip Memili', 'student562@lumex.com', '12345', 'student', 'Psikoloji', '2026-02-23 09:00:52', '2026-02-23 09:00:52'),
(572, 'Kubilay Aka', 'student563@lumex.com', '12345', 'student', 'Yazılım Mühendisliği', '2026-02-23 09:00:52', '2026-02-23 09:00:52'),
(573, 'Damla Sönmez', 'student564@lumex.com', '12345', 'student', 'İktisat', '2026-02-23 09:00:52', '2026-02-23 09:00:52'),
(574, 'Hazal Subaşı', 'student565@lumex.com', '12345', 'student', 'İşletme', '2026-02-23 09:00:52', '2026-02-23 09:00:52'),
(575, 'Burak Dakak', 'student566@lumex.com', '12345', 'student', 'Yönetim Bilişim Sistemleri', '2026-02-23 09:00:52', '2026-02-23 09:00:52'),
(576, 'Hare Sürel', 'student567@lumex.com', '12345', 'student', 'Bilgisayar Mühendisliği', '2026-02-23 09:00:52', '2026-02-23 09:00:52'),
(577, 'İrem Sak', 'student568@lumex.com', '12345', 'student', 'Hukuk', '2026-02-23 09:00:52', '2026-02-23 09:00:52'),
(578, 'Mustafa Avkıran', 'student569@lumex.com', '12345', 'student', 'Endüstri Mühendisliği', '2026-02-23 09:00:52', '2026-02-23 09:00:52'),
(579, 'Suna Yıldızoğlu', 'student570@lumex.com', '12345', 'student', 'Psikoloji', '2026-02-23 09:00:52', '2026-02-23 09:00:52'),
(580, 'Nur Sürer', 'student571@lumex.com', '12345', 'student', 'Yazılım Mühendisliği', '2026-02-23 09:00:52', '2026-02-23 09:00:52'),
(581, 'Meral Çetinkaya', 'student572@lumex.com', '12345', 'student', 'İktisat', '2026-02-23 09:00:52', '2026-02-23 09:00:52'),
(582, 'Özge Özpirinçci', 'student573@lumex.com', '12345', 'student', 'İşletme', '2026-02-23 09:00:52', '2026-02-23 09:00:52'),
(583, 'Caner Cindoruk', 'student574@lumex.com', '12345', 'student', 'Yönetim Bilişim Sistemleri', '2026-02-23 09:00:52', '2026-02-23 09:00:52'),
(584, 'Bennu Yıldırımlar', 'student575@lumex.com', '12345', 'student', 'Bilgisayar Mühendisliği', '2026-02-23 09:00:52', '2026-02-23 09:00:52'),
(585, 'Seray Kaya', 'student576@lumex.com', '12345', 'student', 'Hukuk', '2026-02-23 09:00:52', '2026-02-23 09:00:52'),
(586, 'Şerif Erol', 'student577@lumex.com', '12345', 'student', 'Endüstri Mühendisliği', '2026-02-23 09:00:52', '2026-02-23 09:00:52'),
(587, 'Feyyaz Duman', 'student578@lumex.com', '12345', 'student', 'Psikoloji', '2026-02-23 09:00:52', '2026-02-23 09:00:52'),
(588, 'Ahmet Rıfat Şungar', 'student579@lumex.com', '12345', 'student', 'Yazılım Mühendisliği', '2026-02-23 09:00:52', '2026-02-23 09:00:52'),
(589, 'Gökçe Eyüboğlu', 'student580@lumex.com', '12345', 'student', 'İktisat', '2026-02-23 09:00:52', '2026-02-23 09:00:52'),
(590, 'Kübra Süzgün', 'student581@lumex.com', '12345', 'student', 'İşletme', '2026-02-23 09:00:52', '2026-02-23 09:00:52'),
(591, 'Ali Semi Sefil', 'student582@lumex.com', '12345', 'student', 'Yönetim Bilişim Sistemleri', '2026-02-23 09:00:52', '2026-02-23 09:00:52'),
(592, 'Hümeyra', 'student583@lumex.com', '12345', 'student', 'Bilgisayar Mühendisliği', '2026-02-23 09:00:52', '2026-02-23 09:00:52'),
(593, 'Zerrin Tekindor', 'student584@lumex.com', '12345', 'student', 'Hukuk', '2026-02-23 09:00:52', '2026-02-23 09:00:52'),
(594, 'Hakan Kurtaş', 'student585@lumex.com', '12345', 'student', 'Endüstri Mühendisliği', '2026-02-23 09:00:52', '2026-02-23 09:00:52'),
(595, 'Metin Akdülger', 'student586@lumex.com', '12345', 'student', 'Psikoloji', '2026-02-23 09:00:52', '2026-02-23 09:00:52'),
(596, 'Borcu Biricik', 'student587@lumex.com', '12345', 'student', 'Yazılım Mühendisliği', '2026-02-23 09:00:52', '2026-02-23 09:00:52'),
(597, 'Feyyaz Şerifoğlu', 'student588@lumex.com', '12345', 'student', 'İktisat', '2026-02-23 09:00:52', '2026-02-23 09:00:52'),
(598, 'Tamer Levent', 'student589@lumex.com', '12345', 'student', 'İşletme', '2026-02-23 09:00:52', '2026-02-23 09:00:52'),
(599, 'Devrim Yakut', 'student590@lumex.com', '12345', 'student', 'Yönetim Bilişim Sistemleri', '2026-02-23 09:00:52', '2026-02-23 09:00:52'),
(600, 'Nur Sürer', 'student591@lumex.com', '12345', 'student', 'Bilgisayar Mühendisliği', '2026-02-23 09:00:52', '2026-02-23 09:00:52'),
(601, 'Şerif Erol', 'student592@lumex.com', '12345', 'student', 'Hukuk', '2026-02-23 09:00:52', '2026-02-23 09:00:52'),
(602, 'Selma Ergeç', 'student593@lumex.com', '12345', 'student', 'Endüstri Mühendisliği', '2026-02-23 09:00:52', '2026-02-23 09:00:52'),
(603, 'Enis Arıkan', 'student594@lumex.com', '12345', 'student', 'Psikoloji', '2026-02-23 09:00:52', '2026-02-23 09:00:52'),
(604, 'Feri Baycu Güler', 'student595@lumex.com', '12345', 'student', 'Yazılım Mühendisliği', '2026-02-23 09:00:52', '2026-02-23 09:00:52'),
(605, 'Merve Polat', 'student596@lumex.com', '12345', 'student', 'İktisat', '2026-02-23 09:00:52', '2026-02-23 09:00:52'),
(606, 'Nihal Menzil', 'student597@lumex.com', '12345', 'student', 'İşletme', '2026-02-23 09:00:52', '2026-02-23 09:00:52'),
(607, 'Hamza Yazıcı', 'student598@lumex.com', '12345', 'student', 'Yönetim Bilişim Sistemleri', '2026-02-23 09:00:52', '2026-02-23 09:00:52'),
(608, 'Hande Ataizi', 'student599@lumex.com', '12345', 'student', 'Bilgisayar Mühendisliği', '2026-02-23 09:00:52', '2026-02-23 09:00:52'),
(609, 'Tuğrul Tülek', 'student600@lumex.com', '12345', 'student', 'Hukuk', '2026-02-23 09:00:52', '2026-02-23 09:00:52'),
(610, 'Kaan Urgancıoğlu', 'student601@lumex.com', '12345', 'student', 'Endüstri Mühendisliği', '2026-02-23 09:00:52', '2026-02-23 09:00:52'),
(611, 'Pınar Deniz', 'student602@lumex.com', '12345', 'student', 'Psikoloji', '2026-02-23 09:00:52', '2026-02-23 09:00:52'),
(612, 'Hüseyin Avni Danyal', 'student603@lumex.com', '12345', 'student', 'Yazılım Mühendisliği', '2026-02-23 09:00:52', '2026-02-23 09:00:52'),
(613, 'Uğur Polat', 'student604@lumex.com', '12345', 'student', 'İktisat', '2026-02-23 09:00:52', '2026-02-23 09:00:52'),
(614, 'Mehmet Yılmaz Ak', 'student605@lumex.com', '12345', 'student', 'İşletme', '2026-02-23 09:00:52', '2026-02-23 09:00:52'),
(615, 'Zeyno Eracar', 'student606@lumex.com', '12345', 'student', 'Yönetim Bilişim Sistemleri', '2026-02-23 09:00:52', '2026-02-23 09:00:52'),
(616, 'Uğur Aslan', 'student607@lumex.com', '12345', 'student', 'Bilgisayar Mühendisliği', '2026-02-23 09:00:52', '2026-02-23 09:00:52'),
(617, 'Arda Anarat', 'student608@lumex.com', '12345', 'student', 'Hukuk', '2026-02-23 09:00:52', '2026-02-23 09:00:52'),
(618, 'Onur Özaydın', 'student609@lumex.com', '12345', 'student', 'Endüstri Mühendisliği', '2026-02-23 09:00:52', '2026-02-23 09:00:52'),
(619, 'Zeynep Atılgan', 'student610@lumex.com', '12345', 'student', 'Psikoloji', '2026-02-23 09:00:52', '2026-02-23 09:00:52'),
(620, 'Ece Yüksel', 'student611@lumex.com', '12345', 'student', 'Yazılım Mühendisliği', '2026-02-23 09:00:52', '2026-02-23 09:00:52'),
(621, 'Cezmi Baskın', 'student612@lumex.com', '12345', 'student', 'İktisat', '2026-02-23 09:00:52', '2026-02-23 09:00:52'),
(622, 'Ayşenil Şamlıoğlu', 'student613@lumex.com', '12345', 'student', 'İşletme', '2026-02-23 09:00:52', '2026-02-23 09:00:52'),
(623, 'Nergis Öztürk', 'student614@lumex.com', '12345', 'student', 'Yönetim Bilişim Sistemleri', '2026-02-23 09:00:52', '2026-02-23 09:00:52'),
(624, 'Nilgün Türksever', 'student615@lumex.com', '12345', 'student', 'Bilgisayar Mühendisliği', '2026-02-23 09:00:52', '2026-02-23 09:00:52'),
(625, 'Selahattin Paşalı', 'student616@lumex.com', '12345', 'student', 'Hukuk', '2026-02-23 09:00:52', '2026-02-23 09:00:52'),
(626, 'Gökçe Bahadır', 'student617@lumex.com', '12345', 'student', 'Endüstri Mühendisliği', '2026-02-23 09:00:52', '2026-02-23 09:00:52'),
(627, 'Barış Falay', 'student618@lumex.com', '12345', 'student', 'Psikoloji', '2026-02-23 09:00:52', '2026-02-23 09:00:52'),
(628, 'Merve Dizdar', 'student619@lumex.com', '12345', 'student', 'Yazılım Mühendisliği', '2026-02-23 09:00:52', '2026-02-23 09:00:52'),
(629, 'Zerrin Tekindor', 'student620@lumex.com', '12345', 'student', 'İktisat', '2026-02-23 09:00:52', '2026-02-23 09:00:52'),
(630, 'Onur Bilge', 'student621@lumex.com', '12345', 'student', 'İşletme', '2026-02-23 09:00:52', '2026-02-23 09:00:52'),
(631, 'Serkan Çayoğlu', 'student622@lumex.com', '12345', 'student', 'Yönetim Bilişim Sistemleri', '2026-02-23 09:00:52', '2026-02-23 09:00:52'),
(632, 'Özge Gürel', 'student623@lumex.com', '12345', 'student', 'Bilgisayar Mühendisliği', '2026-02-23 09:00:52', '2026-02-23 09:00:52'),
(633, 'Fikret Kuşkan', 'student624@lumex.com', '12345', 'student', 'Hukuk', '2026-02-23 09:00:52', '2026-02-23 09:00:52'),
(634, 'Hümeyra Akbay', 'student625@lumex.com', '12345', 'student', 'Endüstri Mühendisliği', '2026-02-23 09:00:52', '2026-02-23 09:00:52'),
(635, 'Şerif Sezer', 'student626@lumex.com', '12345', 'student', 'Psikoloji', '2026-02-23 09:00:52', '2026-02-23 09:00:52'),
(636, 'Tilbe Saran', 'student627@lumex.com', '12345', 'student', 'Yazılım Mühendisliği', '2026-02-23 09:00:52', '2026-02-23 09:00:52'),
(637, 'Halit Ergenç', 'student628@lumex.com', '12345', 'student', 'İktisat', '2026-02-23 09:00:52', '2026-02-23 09:00:52'),
(638, 'Tuba Büyüküstün', 'student629@lumex.com', '12345', 'student', 'İşletme', '2026-02-23 09:00:52', '2026-02-23 09:00:52'),
(639, 'Melisa Şenolsun', 'student630@lumex.com', '12345', 'student', 'Yönetim Bilişim Sistemleri', '2026-02-23 09:00:52', '2026-02-23 09:00:52'),
(640, 'Metin Akdülger', 'student631@lumex.com', '12345', 'student', 'Bilgisayar Mühendisliği', '2026-02-23 09:00:52', '2026-02-23 09:00:52'),
(641, 'Başak Köklükaya', 'student632@lumex.com', '12345', 'student', 'Hukuk', '2026-02-23 09:00:52', '2026-02-23 09:00:52'),
(642, 'Ceren Moray', 'student633@lumex.com', '12345', 'student', 'Endüstri Mühendisliği', '2026-02-23 09:00:52', '2026-02-23 09:00:52'),
(643, 'Demet Evgar', 'student634@lumex.com', '12345', 'student', 'Psikoloji', '2026-02-23 09:00:52', '2026-02-23 09:00:52'),
(644, 'Nursel Köse', 'student635@lumex.com', '12345', 'student', 'Yazılım Mühendisliği', '2026-02-23 09:00:52', '2026-02-23 09:00:52'),
(645, 'Kenan Ece', 'student636@lumex.com', '12345', 'student', 'İktisat', '2026-02-23 09:00:52', '2026-02-23 09:00:52'),
(646, 'Goncagül Sunar', 'student637@lumex.com', '12345', 'student', 'İşletme', '2026-02-23 09:00:52', '2026-02-23 09:00:52'),
(647, 'İpek Bilgin', 'student638@lumex.com', '12345', 'student', 'Yönetim Bilişim Sistemleri', '2026-02-23 09:00:52', '2026-02-23 09:00:52'),
(648, 'Tamer Levent', 'student639@lumex.com', '12345', 'student', 'Bilgisayar Mühendisliği', '2026-02-23 09:00:52', '2026-02-23 09:00:52'),
(649, 'Fırat Tanış', 'student640@lumex.com', '12345', 'student', 'Hukuk', '2026-02-23 09:00:52', '2026-02-23 09:00:52'),
(650, 'Dilara Aksüyek', 'student641@lumex.com', '12345', 'student', 'Endüstri Mühendisliği', '2026-02-23 09:00:52', '2026-02-23 09:00:52'),
(651, 'Güven Murat Akpınar', 'student642@lumex.com', '12345', 'student', 'Psikoloji', '2026-02-23 09:00:52', '2026-02-23 09:00:52'),
(652, 'Neslihan Yeldan', 'student643@lumex.com', '12345', 'student', 'Yazılım Mühendisliği', '2026-02-23 09:00:52', '2026-02-23 09:00:52'),
(653, 'Salih Bademci', 'student644@lumex.com', '12345', 'student', 'İktisat', '2026-02-23 09:00:52', '2026-02-23 09:00:52'),
(654, 'Sinan Albayrak', 'student645@lumex.com', '12345', 'student', 'İşletme', '2026-02-23 09:00:52', '2026-02-23 09:00:52'),
(655, 'Zeynep Kankonde', 'student646@lumex.com', '12345', 'student', 'Yönetim Bilişim Sistemleri', '2026-02-23 09:00:52', '2026-02-23 09:00:52'),
(656, 'Ahu Yağtu', 'student647@lumex.com', '12345', 'student', 'Bilgisayar Mühendisliği', '2026-02-23 09:00:52', '2026-02-23 09:00:52'),
(657, 'Alican Yücesoy', 'student648@lumex.com', '12345', 'student', 'Hukuk', '2026-02-23 09:00:52', '2026-02-23 09:00:52'),
(658, 'Ayda Aksel', 'student649@lumex.com', '12345', 'student', 'Endüstri Mühendisliği', '2026-02-23 09:00:52', '2026-02-23 09:00:52'),
(659, 'Bahar Erdeniz', 'student650@lumex.com', '12345', 'student', 'Psikoloji', '2026-02-23 09:00:52', '2026-02-23 09:00:52'),
(660, 'Binnur Kaya', 'student651@lumex.com', '12345', 'student', 'Yazılım Mühendisliği', '2026-02-23 09:00:52', '2026-02-23 09:00:52'),
(661, 'Canan Ergüder', 'student652@lumex.com', '12345', 'student', 'İktisat', '2026-02-23 09:00:52', '2026-02-23 09:00:52'),
(662, 'Cemre Ebuzziya', 'student653@lumex.com', '12345', 'student', 'İşletme', '2026-02-23 09:00:52', '2026-02-23 09:00:52'),
(663, 'Çetin Tekindor', 'student654@lumex.com', '12345', 'student', 'Yönetim Bilişim Sistemleri', '2026-02-23 09:00:52', '2026-02-23 09:00:52'),
(664, 'Demet Akbağ', 'student655@lumex.com', '12345', 'student', 'Bilgisayar Mühendisliği', '2026-02-23 09:00:52', '2026-02-23 09:00:52'),
(665, 'Deniz Akkaya', 'student656@lumex.com', '12345', 'student', 'Hukuk', '2026-02-23 09:00:52', '2026-02-23 09:00:52'),
(666, 'Ece Uslu', 'student657@lumex.com', '12345', 'student', 'Endüstri Mühendisliği', '2026-02-23 09:00:52', '2026-02-23 09:00:52'),
(667, 'Ege Kökenli', 'student658@lumex.com', '12345', 'student', 'Psikoloji', '2026-02-23 09:00:52', '2026-02-23 09:00:52'),
(668, 'Elçin Sangu', 'student659@lumex.com', '12345', 'student', 'Yazılım Mühendisliği', '2026-02-23 09:00:52', '2026-02-23 09:00:52'),
(669, 'Engin Günaydın', 'student660@lumex.com', '12345', 'student', 'İktisat', '2026-02-23 09:00:52', '2026-02-23 09:00:52'),
(670, 'Ezgi Mola', 'student661@lumex.com', '12345', 'student', 'İşletme', '2026-02-23 09:00:52', '2026-02-23 09:00:52'),
(671, 'Gökçe Akyıldız', 'student662@lumex.com', '12345', 'student', 'Yönetim Bilişim Sistemleri', '2026-02-23 09:00:52', '2026-02-23 09:00:52'),
(672, 'Gupse Özay', 'student663@lumex.com', '12345', 'student', 'Bilgisayar Mühendisliği', '2026-02-23 09:00:52', '2026-02-23 09:00:52'),
(673, 'Hande Erçel', 'student664@lumex.com', '12345', 'student', 'Hukuk', '2026-02-23 09:00:52', '2026-02-23 09:00:52'),
(674, 'Hazar Ergüçlü', 'student665@lumex.com', '12345', 'student', 'Endüstri Mühendisliği', '2026-02-23 09:00:52', '2026-02-23 09:00:52'),
(675, 'İrem Helvacıoğlu', 'student666@lumex.com', '12345', 'student', 'Psikoloji', '2026-02-23 09:00:52', '2026-02-23 09:00:52'),
(676, 'Melis Birkan', 'student667@lumex.com', '12345', 'student', 'Yazılım Mühendisliği', '2026-02-23 09:00:52', '2026-02-23 09:00:52'),
(677, 'Merve Boluğur', 'student668@lumex.com', '12345', 'student', 'İktisat', '2026-02-23 09:00:52', '2026-02-23 09:00:52'),
(678, 'Nurgül Yeşilçay', 'student669@lumex.com', '12345', 'student', 'İşletme', '2026-02-23 09:00:52', '2026-02-23 09:00:52'),
(679, 'Öykü Karayel', 'student670@lumex.com', '12345', 'student', 'Yönetim Bilişim Sistemleri', '2026-02-23 09:00:52', '2026-02-23 09:00:52'),
(680, 'Özge Gürel', 'student671@lumex.com', '12345', 'student', 'Bilgisayar Mühendisliği', '2026-02-23 09:00:52', '2026-02-23 09:00:52'),
(681, 'Sadi Celil Cengiz', 'student672@lumex.com', '12345', 'student', 'Hukuk', '2026-02-23 09:00:52', '2026-02-23 09:00:52'),
(682, 'Sarp Apak', 'student673@lumex.com', '12345', 'student', 'Endüstri Mühendisliği', '2026-02-23 09:00:52', '2026-02-23 09:00:52'),
(683, 'Şebnem Bozoklu', 'student674@lumex.com', '12345', 'student', 'Psikoloji', '2026-02-23 09:00:52', '2026-02-23 09:00:52'),
(684, 'Selin Şekerci', 'student675@lumex.com', '12345', 'student', 'Yazılım Mühendisliği', '2026-02-23 09:00:52', '2026-02-23 09:00:52'),
(685, 'Sümeyra Koç', 'student676@lumex.com', '12345', 'student', 'İktisat', '2026-02-23 09:00:52', '2026-02-23 09:00:52'),
(686, 'Vildan Atasever', 'student677@lumex.com', '12345', 'student', 'İşletme', '2026-02-23 09:00:52', '2026-02-23 09:00:52'),
(687, 'Yasemin Allen', 'student678@lumex.com', '12345', 'student', 'Yönetim Bilişim Sistemleri', '2026-02-23 09:00:52', '2026-02-23 09:00:52'),
(688, 'Afra Saraçoğlu', 'student679@lumex.com', '12345', 'student', 'Bilgisayar Mühendisliği', '2026-02-23 09:00:52', '2026-02-23 09:00:52'),
(689, 'Alp Navruz', 'student680@lumex.com', '12345', 'student', 'Hukuk', '2026-02-23 09:00:52', '2026-02-23 09:00:52'),
(690, 'Aslıhan Malbora', 'student681@lumex.com', '12345', 'student', 'Endüstri Mühendisliği', '2026-02-23 09:00:52', '2026-02-23 09:00:52'),
(691, 'Ayça Ayşin Turan', 'student682@lumex.com', '12345', 'student', 'Psikoloji', '2026-02-23 09:00:52', '2026-02-23 09:00:52'),
(692, 'Barış Arduç', 'student683@lumex.com', '12345', 'student', 'Yazılım Mühendisliği', '2026-02-23 09:00:52', '2026-02-23 09:00:52'),
(693, 'Burcu Biricik', 'student684@lumex.com', '12345', 'student', 'İktisat', '2026-02-23 09:00:52', '2026-02-23 09:00:52'),
(694, 'Can Yaman', 'student685@lumex.com', '12345', 'student', 'İşletme', '2026-02-23 09:00:52', '2026-02-23 09:00:52'),
(695, 'Demet Özdemir', 'student686@lumex.com', '12345', 'student', 'Yönetim Bilişim Sistemleri', '2026-02-23 09:00:52', '2026-02-23 09:00:52'),
(696, 'Deniz Can Aktaş', 'student687@lumex.com', '12345', 'student', 'Bilgisayar Mühendisliği', '2026-02-23 09:00:52', '2026-02-23 09:00:52'),
(697, 'Furkan Andıç', 'student688@lumex.com', '12345', 'student', 'Hukuk', '2026-02-23 09:00:52', '2026-02-23 09:00:52'),
(698, 'İbrahim Çelikkol', 'student689@lumex.com', '12345', 'student', 'Endüstri Mühendisliği', '2026-02-23 09:00:52', '2026-02-23 09:00:52'),
(699, 'Kaan Yıldırım', 'student690@lumex.com', '12345', 'student', 'Psikoloji', '2026-02-23 09:00:52', '2026-02-23 09:00:52'),
(700, 'Leyla Lydia Tuğutlu', 'student691@lumex.com', '12345', 'student', 'Yazılım Mühendisliği', '2026-02-23 09:00:52', '2026-02-23 09:00:52'),
(701, 'Melisa Aslı Pamuk', 'student692@lumex.com', '12345', 'student', 'İktisat', '2026-02-23 09:00:52', '2026-02-23 09:00:52'),
(702, 'Onur Tuna', 'student693@lumex.com', '12345', 'student', 'İşletme', '2026-02-23 09:00:52', '2026-02-23 09:00:52'),
(703, 'Özge Özpirinçci', 'student694@lumex.com', '12345', 'student', 'Yönetim Bilişim Sistemleri', '2026-02-23 09:00:52', '2026-02-23 09:00:52'),
(704, 'Serkan Çayoğlu', 'student695@lumex.com', '12345', 'student', 'Bilgisayar Mühendisliği', '2026-02-23 09:00:52', '2026-02-23 09:00:52'),
(705, 'Tolga Sarıtaş', 'student696@lumex.com', '12345', 'student', 'Hukuk', '2026-02-23 09:00:52', '2026-02-23 09:00:52'),
(706, 'Uraz Kaygılaroğlu', 'student697@lumex.com', '12345', 'student', 'Endüstri Mühendisliği', '2026-02-23 09:00:52', '2026-02-23 09:00:52'),
(707, 'Ahmet Mümtaz Taylan', 'student698@lumex.com', '12345', 'student', 'Psikoloji', '2026-02-23 09:00:52', '2026-02-23 09:00:52'),
(708, 'Ali Atay', 'student699@lumex.com', '12345', 'student', 'Yazılım Mühendisliği', '2026-02-23 09:00:52', '2026-02-23 09:00:52'),
(709, 'Cengiz Bozkurt', 'student700@lumex.com', '12345', 'student', 'İktisat', '2026-02-23 09:00:52', '2026-02-23 09:00:52'),
(710, 'Köksal Engür', 'student701@lumex.com', '12345', 'student', 'İşletme', '2026-02-23 09:00:52', '2026-02-23 09:00:52'),
(711, 'Osman Sonant', 'student702@lumex.com', '12345', 'student', 'Yönetim Bilişim Sistemleri', '2026-02-23 09:00:52', '2026-02-23 09:00:52'),
(712, 'Serkan Keskin', 'student703@lumex.com', '12345', 'student', 'Bilgisayar Mühendisliği', '2026-02-23 09:00:52', '2026-02-23 09:00:52'),
(713, 'Erkan Can', 'student704@lumex.com', '12345', 'student', 'Hukuk', '2026-02-23 09:00:52', '2026-02-23 09:00:52'),
(714, 'Güven Kıraç', 'student705@lumex.com', '12345', 'student', 'Endüstri Mühendisliği', '2026-02-23 09:00:52', '2026-02-23 09:00:52'),
(715, 'Haluk Bilginer', 'student706@lumex.com', '12345', 'student', 'Psikoloji', '2026-02-23 09:00:52', '2026-02-23 09:00:52'),
(716, 'Müjde Ar', 'student707@lumex.com', '12345', 'student', 'Yazılım Mühendisliği', '2026-02-23 09:00:52', '2026-02-23 09:00:52'),
(717, 'Şener Şen', 'student708@lumex.com', '12345', 'student', 'İktisat', '2026-02-23 09:00:52', '2026-02-23 09:00:52'),
(718, 'Uğur Yücel', 'student709@lumex.com', '12345', 'student', 'İşletme', '2026-02-23 09:00:52', '2026-02-23 09:00:52'),
(719, 'Zeki Alasya', 'student710@lumex.com', '12345', 'student', 'Yönetim Bilişim Sistemleri', '2026-02-23 09:00:52', '2026-02-23 09:00:52'),
(720, 'Metin Akpınar', 'student711@lumex.com', '12345', 'student', 'Bilgisayar Mühendisliği', '2026-02-23 09:00:52', '2026-02-23 09:00:52'),
(721, 'Adile Naşit', 'student712@lumex.com', '12345', 'student', 'Hukuk', '2026-02-23 09:00:52', '2026-02-23 09:00:52'),
(722, 'Münir Özkul', 'student713@lumex.com', '12345', 'student', 'Endüstri Mühendisliği', '2026-02-23 09:00:52', '2026-02-23 09:00:52'),
(723, 'Tarık Akan', 'student714@lumex.com', '12345', 'student', 'Psikoloji', '2026-02-23 09:00:52', '2026-02-23 09:00:52'),
(724, 'Kemal Sunal', 'student715@lumex.com', '12345', 'student', 'Yazılım Mühendisliği', '2026-02-23 09:00:52', '2026-02-23 09:00:52'),
(725, 'Halit Akçatepe', 'student716@lumex.com', '12345', 'student', 'İktisat', '2026-02-23 09:00:52', '2026-02-23 09:00:52'),
(726, 'Zeki Alasya', 'student717@lumex.com', '12345', 'student', 'İşletme', '2026-02-23 09:00:52', '2026-02-23 09:00:52'),
(727, 'Cüneyt Arkın', 'student718@lumex.com', '12345', 'student', 'Yönetim Bilişim Sistemleri', '2026-02-23 09:00:52', '2026-02-23 09:00:52'),
(728, 'Fatma Girik', 'student719@lumex.com', '12345', 'student', 'Bilgisayar Mühendisliği', '2026-02-23 09:00:52', '2026-02-23 09:00:52'),
(729, 'Hülya Koçyiğit', 'student720@lumex.com', '12345', 'student', 'Hukuk', '2026-02-23 09:00:52', '2026-02-23 09:00:52'),
(730, 'Filiz Akın', 'student721@lumex.com', '12345', 'student', 'Endüstri Mühendisliği', '2026-02-23 09:00:52', '2026-02-23 09:00:52'),
(731, 'Türkan Şoray', 'student722@lumex.com', '12345', 'student', 'Psikoloji', '2026-02-23 09:00:52', '2026-02-23 09:00:52'),
(732, 'Kadir İnanır', 'student723@lumex.com', '12345', 'student', 'Yazılım Mühendisliği', '2026-02-23 09:00:52', '2026-02-23 09:00:52'),
(733, 'Ediz Hun', 'student724@lumex.com', '12345', 'student', 'İktisat', '2026-02-23 09:00:52', '2026-02-23 09:00:52'),
(734, 'Kartal Tibet', 'student725@lumex.com', '12345', 'student', 'İşletme', '2026-02-23 09:00:52', '2026-02-23 09:00:52'),
(735, 'İzzet Günay', 'student726@lumex.com', '12345', 'student', 'Yönetim Bilişim Sistemleri', '2026-02-23 09:00:52', '2026-02-23 09:00:52'),
(736, 'Ayhan Işık', 'student727@lumex.com', '12345', 'student', 'Bilgisayar Mühendisliği', '2026-02-23 09:00:52', '2026-02-23 09:00:52'),
(737, 'Belgin Doruk', 'student728@lumex.com', '12345', 'student', 'Hukuk', '2026-02-23 09:00:52', '2026-02-23 09:00:52'),
(738, 'Sadri Alışık', 'student729@lumex.com', '12345', 'student', 'Endüstri Mühendisliği', '2026-02-23 09:00:52', '2026-02-23 09:00:52'),
(739, 'Çolpan İlhan', 'student730@lumex.com', '12345', 'student', 'Psikoloji', '2026-02-23 09:00:52', '2026-02-23 09:00:52'),
(740, 'Vahi Öz', 'student731@lumex.com', '12345', 'student', 'Yazılım Mühendisliği', '2026-02-23 09:00:52', '2026-02-23 09:00:52'),
(741, 'Muammer Karaca', 'student732@lumex.com', '12345', 'student', 'İktisat', '2026-02-23 09:00:52', '2026-02-23 09:00:52'),
(742, 'Gönül Yazar', 'student733@lumex.com', '12345', 'student', 'İşletme', '2026-02-23 09:00:52', '2026-02-23 09:00:52'),
(743, 'Ajda Pekkan', 'student734@lumex.com', '12345', 'student', 'Yönetim Bilişim Sistemleri', '2026-02-23 09:00:52', '2026-02-23 09:00:52'),
(744, 'Zeki Müren', 'student735@lumex.com', '12345', 'student', 'Bilgisayar Mühendisliği', '2026-02-23 09:00:52', '2026-02-23 09:00:52'),
(745, 'Bülent Ersoy', 'student736@lumex.com', '12345', 'student', 'Hukuk', '2026-02-23 09:00:52', '2026-02-23 09:00:52'),
(746, 'Sezen Aksu', 'student737@lumex.com', '12345', 'student', 'Endüstri Mühendisliği', '2026-02-23 09:00:52', '2026-02-23 09:00:52'),
(747, 'Nilüfer', 'student738@lumex.com', '12345', 'student', 'Psikoloji', '2026-02-23 09:00:52', '2026-02-23 09:00:52'),
(748, 'Kayahan', 'student739@lumex.com', '12345', 'student', 'Yazılım Mühendisliği', '2026-02-23 09:00:52', '2026-02-23 09:00:52'),
(749, 'Barış Manço', 'student740@lumex.com', '12345', 'student', 'İktisat', '2026-02-23 09:00:52', '2026-02-23 09:00:52'),
(750, 'Cem Karaca', 'student741@lumex.com', '12345', 'student', 'İşletme', '2026-02-23 09:00:52', '2026-02-23 09:00:52'),
(751, 'Erkin Koray', 'student742@lumex.com', '12345', 'student', 'Yönetim Bilişim Sistemleri', '2026-02-23 09:00:52', '2026-02-23 09:00:52'),
(752, 'Fikret Kızılok', 'student743@lumex.com', '12345', 'student', 'Bilgisayar Mühendisliği', '2026-02-23 09:00:52', '2026-02-23 09:00:52'),
(753, 'Mazhar Alanson', 'student744@lumex.com', '12345', 'student', 'Hukuk', '2026-02-23 09:00:52', '2026-02-23 09:00:52'),
(754, 'Fuat Güner', 'student745@lumex.com', '12345', 'student', 'Endüstri Mühendisliği', '2026-02-23 09:00:52', '2026-02-23 09:00:52'),
(755, 'Özkan Uğur', 'student746@lumex.com', '12345', 'student', 'Psikoloji', '2026-02-23 09:00:52', '2026-02-23 09:00:52'),
(756, 'Sertab Erener', 'student747@lumex.com', '12345', 'student', 'Yazılım Mühendisliği', '2026-02-23 09:00:52', '2026-02-23 09:00:52'),
(757, 'Şebnem Ferah', 'student748@lumex.com', '12345', 'student', 'İktisat', '2026-02-23 09:00:52', '2026-02-23 09:00:52'),
(758, 'Teoman', 'student749@lumex.com', '12345', 'student', 'İşletme', '2026-02-23 09:00:52', '2026-02-23 09:00:52'),
(759, 'Duman', 'student750@lumex.com', '12345', 'student', 'Yönetim Bilişim Sistemleri', '2026-02-23 09:00:52', '2026-02-23 09:00:52'),
(760, 'Kaan Tangöze', 'student751@lumex.com', '12345', 'student', 'Bilgisayar Mühendisliği', '2026-02-23 09:01:57', '2026-02-23 09:01:57'),
(761, 'Batuhan Mutlugil', 'student752@lumex.com', '12345', 'student', 'İşletme', '2026-02-23 09:01:57', '2026-02-23 09:01:57'),
(762, 'Ari Barokas', 'student753@lumex.com', '12345', 'student', 'Hukuk', '2026-02-23 09:01:57', '2026-02-23 09:01:57'),
(763, 'Cengiz Ünal', 'student754@lumex.com', '12345', 'student', 'Endüstri Mühendisliği', '2026-02-23 09:01:57', '2026-02-23 09:01:57'),
(764, 'Gökhan Özoğuz', 'student755@lumex.com', '12345', 'student', 'Psikoloji', '2026-02-23 09:01:57', '2026-02-23 09:01:57'),
(765, 'Hakan Özoğuz', 'student756@lumex.com', '12345', 'student', 'Yazılım Mühendisliği', '2026-02-23 09:01:57', '2026-02-23 09:01:57'),
(766, 'Birol Namoğlu', 'student757@lumex.com', '12345', 'student', 'İktisat', '2026-02-23 09:01:57', '2026-02-23 09:01:57'),
(767, 'Emre Aydın', 'student758@lumex.com', '12345', 'student', 'İşletme', '2026-02-23 09:01:57', '2026-02-23 09:01:57'),
(768, 'Hayko Cepkin', 'student759@lumex.com', '12345', 'student', 'Yönetim Bilişim Sistemleri', '2026-02-23 09:01:57', '2026-02-23 09:01:57'),
(769, 'Fatma Turgut', 'student760@lumex.com', '12345', 'student', 'Bilgisayar Mühendisliği', '2026-02-23 09:01:57', '2026-02-23 09:01:57'),
(770, 'Can Bonomo', 'student761@lumex.com', '12345', 'student', 'Hukuk', '2026-02-23 09:01:57', '2026-02-23 09:01:57'),
(771, 'Mabel Matiz', 'student762@lumex.com', '12345', 'student', 'Endüstri Mühendisliği', '2026-02-23 09:01:57', '2026-02-23 09:01:57'),
(772, 'Gaye Su Akyol', 'student763@lumex.com', '12345', 'student', 'Psikoloji', '2026-02-23 09:01:57', '2026-02-23 09:01:57'),
(773, 'Kalben', 'student764@lumex.com', '12345', 'student', 'Yazılım Mühendisliği', '2026-02-23 09:01:57', '2026-02-23 09:01:57'),
(774, 'Edis Görgülü', 'student765@lumex.com', '12345', 'student', 'İktisat', '2026-02-23 09:01:57', '2026-02-23 09:01:57');
INSERT INTO `users` (`id`, `full_name`, `email`, `password`, `role`, `department`, `created_at`, `updated_at`) VALUES
(775, 'Aleyna Tilki', 'student766@lumex.com', '12345', 'student', 'İşletme', '2026-02-23 09:01:57', '2026-02-23 09:01:57'),
(776, 'Hadise Açıkgöz', 'student767@lumex.com', '12345', 'student', 'Yönetim Bilişim Sistemleri', '2026-02-23 09:01:57', '2026-02-23 09:01:57'),
(777, 'Murat Boz', 'student768@lumex.com', '12345', 'student', 'Bilgisayar Mühendisliği', '2026-02-23 09:01:57', '2026-02-23 09:01:57'),
(778, 'Tarkan Tevetoğlu', 'student769@lumex.com', '12345', 'student', 'Hukuk', '2026-02-23 09:01:57', '2026-02-23 09:01:57'),
(779, 'Serdar Ortaç', 'student770@lumex.com', '12345', 'student', 'Endüstri Mühendisliği', '2026-02-23 09:01:57', '2026-02-23 09:01:57'),
(780, 'Hande Yener', 'student771@lumex.com', '12345', 'student', 'Psikoloji', '2026-02-23 09:01:57', '2026-02-23 09:01:57'),
(781, 'Demet Akalın', 'student772@lumex.com', '12345', 'student', 'Yazılım Mühendisliği', '2026-02-23 09:01:57', '2026-02-23 09:01:57'),
(782, 'Gülşen Bayraktar', 'student773@lumex.com', '12345', 'student', 'İktisat', '2026-02-23 09:01:57', '2026-02-23 09:01:57'),
(783, 'Mustafa Sandal', 'student774@lumex.com', '12345', 'student', 'İşletme', '2026-02-23 09:01:57', '2026-02-23 09:01:57'),
(784, 'Kenan Doğulu', 'student775@lumex.com', '12345', 'student', 'Yönetim Bilişim Sistemleri', '2026-02-23 09:01:57', '2026-02-23 09:01:57'),
(785, 'Sertab Erener', 'student776@lumex.com', '12345', 'student', 'Bilgisayar Mühendisliği', '2026-02-23 09:01:57', '2026-02-23 09:01:57'),
(786, 'Levent Yüksel', 'student777@lumex.com', '12345', 'student', 'Hukuk', '2026-02-23 09:01:57', '2026-02-23 09:01:57'),
(787, 'Aşkın Nur Yengi', 'student778@lumex.com', '12345', 'student', 'Endüstri Mühendisliği', '2026-02-23 09:01:57', '2026-02-23 09:01:57'),
(788, 'Mirkelam', 'student779@lumex.com', '12345', 'student', 'Psikoloji', '2026-02-23 09:01:57', '2026-02-23 09:01:57'),
(789, 'Yaşar Günaçgün', 'student780@lumex.com', '12345', 'student', 'Yazılım Mühendisliği', '2026-02-23 09:01:57', '2026-02-23 09:01:57'),
(790, 'Deniz Seki', 'student781@lumex.com', '12345', 'student', 'İktisat', '2026-02-23 09:01:57', '2026-02-23 09:01:57'),
(791, 'Rafet El Roman', 'student782@lumex.com', '12345', 'student', 'İşletme', '2026-02-23 09:01:57', '2026-02-23 09:01:57'),
(792, 'Hakan Altun', 'student783@lumex.com', '12345', 'student', 'Yönetim Bilişim Sistemleri', '2026-02-23 09:01:57', '2026-02-23 09:01:57'),
(793, 'Yıldız Tilbe', 'student784@lumex.com', '12345', 'student', 'Bilgisayar Mühendisliği', '2026-02-23 09:01:57', '2026-02-23 09:01:57'),
(794, 'Hakan Peker', 'student785@lumex.com', '12345', 'student', 'Hukuk', '2026-02-23 09:01:57', '2026-02-23 09:01:57'),
(795, 'Çelik Erişçi', 'student786@lumex.com', '12345', 'student', 'Endüstri Mühendisliği', '2026-02-23 09:01:57', '2026-02-23 09:01:57'),
(796, 'Ercan Saatçi', 'student787@lumex.com', '12345', 'student', 'Psikoloji', '2026-02-23 09:01:57', '2026-02-23 09:01:57'),
(797, 'İzel Çeliköz', 'student788@lumex.com', '12345', 'student', 'Yazılım Mühendisliği', '2026-02-23 09:01:57', '2026-02-23 09:01:57'),
(798, 'Bendeniz', 'student789@lumex.com', '12345', 'student', 'İktisat', '2026-02-23 09:01:57', '2026-02-23 09:01:57'),
(799, 'Reyhan Karaca', 'student790@lumex.com', '12345', 'student', 'İşletme', '2026-02-23 09:01:57', '2026-02-23 09:01:57'),
(800, 'Tayfun Duygulu', 'student791@lumex.com', '12345', 'student', 'Yönetim Bilişim Sistemleri', '2026-02-23 09:01:57', '2026-02-23 09:01:57'),
(801, 'Ferda Anıl Yarkın', 'student792@lumex.com', '12345', 'student', 'Bilgisayar Mühendisliği', '2026-02-23 09:01:57', '2026-02-23 09:01:57'),
(802, 'Metin Özülkü', 'student793@lumex.com', '12345', 'student', 'Hukuk', '2026-02-23 09:01:57', '2026-02-23 09:01:57'),
(803, 'Eda Özülkü', 'student794@lumex.com', '12345', 'student', 'Endüstri Mühendisliği', '2026-02-23 09:01:57', '2026-02-23 09:01:57'),
(804, 'Zeynep Dizdar', 'student795@lumex.com', '12345', 'student', 'Psikoloji', '2026-02-23 09:01:57', '2026-02-23 09:01:57'),
(805, 'Sibel Alaş', 'student796@lumex.com', '12345', 'student', 'Yazılım Mühendisliği', '2026-02-23 09:01:57', '2026-02-23 09:01:57'),
(806, 'Suat Suna', 'student797@lumex.com', '12345', 'student', 'İktisat', '2026-02-23 09:01:57', '2026-02-23 09:01:57'),
(807, 'Kerim Tekin', 'student798@lumex.com', '12345', 'student', 'İşletme', '2026-02-23 09:01:57', '2026-02-23 09:01:57'),
(808, 'Harun Kolçak', 'student799@lumex.com', '12345', 'student', 'Yönetim Bilişim Sistemleri', '2026-02-23 09:01:57', '2026-02-23 09:01:57'),
(809, 'Yonca Evcimik', 'student800@lumex.com', '12345', 'student', 'Bilgisayar Mühendisliği', '2026-02-23 09:01:57', '2026-02-23 09:01:57'),
(810, 'Burak Kut', 'student801@lumex.com', '12345', 'student', 'Hukuk', '2026-02-23 09:01:57', '2026-02-23 09:01:57'),
(811, 'Seren Serengil', 'student802@lumex.com', '12345', 'student', 'Endüstri Mühendisliği', '2026-02-23 09:01:57', '2026-02-23 09:01:57'),
(812, 'Gülben Ergen', 'student803@lumex.com', '12345', 'student', 'Psikoloji', '2026-02-23 09:01:57', '2026-02-23 09:01:57'),
(813, 'Hülya Avşar', 'student804@lumex.com', '12345', 'student', 'Yazılım Mühendisliği', '2026-02-23 09:01:57', '2026-02-23 09:01:57'),
(814, 'Sibel Can', 'student805@lumex.com', '12345', 'student', 'İktisat', '2026-02-23 09:01:57', '2026-02-23 09:01:57'),
(815, 'Seda Sayan', 'student806@lumex.com', '12345', 'student', 'İşletme', '2026-02-23 09:01:57', '2026-02-23 09:01:57'),
(816, 'Safiye Soyman', 'student807@lumex.com', '12345', 'student', 'Yönetim Bilişim Sistemleri', '2026-02-23 09:01:57', '2026-02-23 09:01:57'),
(817, 'Faik Öztürk', 'student808@lumex.com', '12345', 'student', 'Bilgisayar Mühendisliği', '2026-02-23 09:01:57', '2026-02-23 09:01:57'),
(818, 'Banu Alkan', 'student809@lumex.com', '12345', 'student', 'Hukuk', '2026-02-23 09:01:57', '2026-02-23 09:01:57'),
(819, 'Ahu Tuğba', 'student810@lumex.com', '12345', 'student', 'Endüstri Mühendisliği', '2026-02-23 09:01:57', '2026-02-23 09:01:57'),
(820, 'Oya Aydoğan', 'student811@lumex.com', '12345', 'student', 'Psikoloji', '2026-02-23 09:01:57', '2026-02-23 09:01:57'),
(821, 'Nuri Alço', 'student812@lumex.com', '12345', 'student', 'Yazılım Mühendisliği', '2026-02-23 09:01:57', '2026-02-23 09:01:57'),
(822, 'Coşkun Göğen', 'student813@lumex.com', '12345', 'student', 'İktisat', '2026-02-23 09:01:57', '2026-02-23 09:01:57'),
(823, 'Erol Taş', 'student814@lumex.com', '12345', 'student', 'İşletme', '2026-02-23 09:01:57', '2026-02-23 09:01:57'),
(824, 'Tecavüzcü Coşkun', 'student815@lumex.com', '12345', 'student', 'Yönetim Bilişim Sistemleri', '2026-02-23 09:01:57', '2026-02-23 09:01:57'),
(825, 'Kadir İnanır', 'student816@lumex.com', '12345', 'student', 'Bilgisayar Mühendisliği', '2026-02-23 09:01:57', '2026-02-23 09:01:57'),
(826, 'Tarık Akan', 'student817@lumex.com', '12345', 'student', 'Hukuk', '2026-02-23 09:01:57', '2026-02-23 09:01:57'),
(827, 'Cüneyt Arkın', 'student818@lumex.com', '12345', 'student', 'Endüstri Mühendisliği', '2026-02-23 09:01:57', '2026-02-23 09:01:57'),
(828, 'Kemal Sunal', 'student819@lumex.com', '12345', 'student', 'Psikoloji', '2026-02-23 09:01:57', '2026-02-23 09:01:57'),
(829, 'Şener Şen', 'student820@lumex.com', '12345', 'student', 'Yazılım Mühendisliği', '2026-02-23 09:01:57', '2026-02-23 09:01:57'),
(830, 'Adile Naşit', 'student821@lumex.com', '12345', 'student', 'İktisat', '2026-02-23 09:01:57', '2026-02-23 09:01:57'),
(831, 'Münir Özkul', 'student822@lumex.com', '12345', 'student', 'İşletme', '2026-02-23 09:01:57', '2026-02-23 09:01:57'),
(832, 'Halit Akçatepe', 'student823@lumex.com', '12345', 'student', 'Yönetim Bilişim Sistemleri', '2026-02-23 09:01:57', '2026-02-23 09:01:57'),
(833, 'Zeki Alasya', 'student824@lumex.com', '12345', 'student', 'Bilgisayar Mühendisliği', '2026-02-23 09:01:57', '2026-02-23 09:01:57'),
(834, 'Metin Akpınar', 'student825@lumex.com', '12345', 'student', 'Hukuk', '2026-02-23 09:01:57', '2026-02-23 09:01:57'),
(835, 'Ayşen Gruda', 'student826@lumex.com', '12345', 'student', 'Endüstri Mühendisliği', '2026-02-23 09:01:57', '2026-02-23 09:01:57'),
(836, 'Kartal Tibet', 'student827@lumex.com', '12345', 'student', 'Psikoloji', '2026-02-23 09:01:57', '2026-02-23 09:01:57'),
(837, 'Fatma Girik', 'student828@lumex.com', '12345', 'student', 'Yazılım Mühendisliği', '2026-02-23 09:01:57', '2026-02-23 09:01:57'),
(838, 'Hülya Koçyiğit', 'student829@lumex.com', '12345', 'student', 'İktisat', '2026-02-23 09:01:57', '2026-02-23 09:01:57'),
(839, 'Filiz Akın', 'student830@lumex.com', '12345', 'student', 'İşletme', '2026-02-23 09:01:57', '2026-02-23 09:01:57'),
(840, 'Türkan Şoray', 'student831@lumex.com', '12345', 'student', 'Yönetim Bilişim Sistemleri', '2026-02-23 09:01:57', '2026-02-23 09:01:57'),
(841, 'Emel Sayın', 'student832@lumex.com', '12345', 'student', 'Bilgisayar Mühendisliği', '2026-02-23 09:01:57', '2026-02-23 09:01:57'),
(842, 'Gönül Yazar', 'student833@lumex.com', '12345', 'student', 'Hukuk', '2026-02-23 09:01:57', '2026-02-23 09:01:57'),
(843, 'Zeki Müren', 'student834@lumex.com', '12345', 'student', 'Endüstri Mühendisliği', '2026-02-23 09:01:57', '2026-02-23 09:01:57'),
(844, 'Bülent Ersoy', 'student835@lumex.com', '12345', 'student', 'Psikoloji', '2026-02-23 09:01:57', '2026-02-23 09:01:57'),
(845, 'Ajda Pekkan', 'student836@lumex.com', '12345', 'student', 'Yazılım Mühendisliği', '2026-02-23 09:01:57', '2026-02-23 09:01:57'),
(846, 'Sezen Aksu', 'student837@lumex.com', '12345', 'student', 'İktisat', '2026-02-23 09:01:57', '2026-02-23 09:01:57'),
(847, 'Nilüfer Yumlu', 'student838@lumex.com', '12345', 'student', 'İşletme', '2026-02-23 09:01:57', '2026-02-23 09:01:57'),
(848, 'Kayahan Açar', 'student839@lumex.com', '12345', 'student', 'Yönetim Bilişim Sistemleri', '2026-02-23 09:01:57', '2026-02-23 09:01:57'),
(849, 'Barış Manço', 'student840@lumex.com', '12345', 'student', 'Bilgisayar Mühendisliği', '2026-02-23 09:01:57', '2026-02-23 09:01:57'),
(850, 'Cem Karaca', 'student841@lumex.com', '12345', 'student', 'Hukuk', '2026-02-23 09:01:57', '2026-02-23 09:01:57'),
(851, 'Erkin Koray', 'student842@lumex.com', '12345', 'student', 'Endüstri Mühendisliği', '2026-02-23 09:01:57', '2026-02-23 09:01:57'),
(852, 'Fikret Kızılok', 'student843@lumex.com', '12345', 'student', 'Psikoloji', '2026-02-23 09:01:57', '2026-02-23 09:01:57'),
(853, 'Selda Bağcan', 'student844@lumex.com', '12345', 'student', 'Yazılım Mühendisliği', '2026-02-23 09:01:57', '2026-02-23 09:01:57'),
(854, 'Edip Akbayram', 'student845@lumex.com', '12345', 'student', 'İktisat', '2026-02-23 09:01:57', '2026-02-23 09:01:57'),
(855, 'Zülfü Livaneli', 'student846@lumex.com', '12345', 'student', 'İşletme', '2026-02-23 09:01:57', '2026-02-23 09:01:57'),
(856, 'Ahmet Kaya', 'student847@lumex.com', '12345', 'student', 'Yönetim Bilişim Sistemleri', '2026-02-23 09:01:57', '2026-02-23 09:01:57'),
(857, 'Müslüm Gürses', 'student848@lumex.com', '12345', 'student', 'Bilgisayar Mühendisliği', '2026-02-23 09:01:57', '2026-02-23 09:01:57'),
(858, 'Orhan Gencebay', 'student849@lumex.com', '12345', 'student', 'Hukuk', '2026-02-23 09:01:57', '2026-02-23 09:01:57'),
(859, 'Ferdi Tayfur', 'student850@lumex.com', '12345', 'student', 'Endüstri Mühendisliği', '2026-02-23 09:01:57', '2026-02-23 09:01:57'),
(860, 'İbrahim Tatlıses', 'student851@lumex.com', '12345', 'student', 'Psikoloji', '2026-02-23 09:01:57', '2026-02-23 09:01:57'),
(861, 'Mahsun Kırmızıgül', 'student852@lumex.com', '12345', 'student', 'Yazılım Mühendisliği', '2026-02-23 09:01:57', '2026-02-23 09:01:57'),
(862, 'Özcan Deniz', 'student853@lumex.com', '12345', 'student', 'İktisat', '2026-02-23 09:01:57', '2026-02-23 09:01:57'),
(863, 'Alişan', 'student854@lumex.com', '12345', 'student', 'İşletme', '2026-02-23 09:01:57', '2026-02-23 09:01:57'),
(864, 'Nihat Doğan', 'student855@lumex.com', '12345', 'student', 'Yönetim Bilişim Sistemleri', '2026-02-23 09:01:57', '2026-02-23 09:01:57'),
(865, 'Doğuş', 'student856@lumex.com', '12345', 'student', 'Bilgisayar Mühendisliği', '2026-02-23 09:01:57', '2026-02-23 09:01:57'),
(866, 'Rober Hatemo', 'student857@lumex.com', '12345', 'student', 'Hukuk', '2026-02-23 09:01:57', '2026-02-23 09:01:57'),
(867, 'Berdan Mardini', 'student858@lumex.com', '12345', 'student', 'Endüstri Mühendisliği', '2026-02-23 09:01:57', '2026-02-23 09:01:57'),
(868, 'Davut Güloğlu', 'student859@lumex.com', '12345', 'student', 'Psikoloji', '2026-02-23 09:01:57', '2026-02-23 09:01:57'),
(869, 'İsmail YK', 'student860@lumex.com', '12345', 'student', 'Yazılım Mühendisliği', '2026-02-23 09:01:57', '2026-02-23 09:01:57'),
(870, 'Kıraç', 'student861@lumex.com', '12345', 'student', 'İktisat', '2026-02-23 09:01:57', '2026-02-23 09:01:57'),
(871, 'Haluk Levent', 'student862@lumex.com', '12345', 'student', 'İşletme', '2026-02-23 09:01:57', '2026-02-23 09:01:57'),
(872, 'Teoman Yakupoğlu', 'student863@lumex.com', '12345', 'student', 'Yönetim Bilişim Sistemleri', '2026-02-23 09:01:57', '2026-02-23 09:01:57'),
(873, 'Şebnem Ferah', 'student864@lumex.com', '12345', 'student', 'Bilgisayar Mühendisliği', '2026-02-23 09:01:57', '2026-02-23 09:01:57'),
(874, 'Özlem Tekin', 'student865@lumex.com', '12345', 'student', 'Hukuk', '2026-02-23 09:01:57', '2026-02-23 09:01:57'),
(875, 'Pentagram', 'student866@lumex.com', '12345', 'student', 'Endüstri Mühendisliği', '2026-02-23 09:01:57', '2026-02-23 09:01:57'),
(876, 'Kurban', 'student867@lumex.com', '12345', 'student', 'Psikoloji', '2026-02-23 09:01:57', '2026-02-23 09:01:57'),
(877, 'Çilekeş', 'student868@lumex.com', '12345', 'student', 'Yazılım Mühendisliği', '2026-02-23 09:01:57', '2026-02-23 09:01:57'),
(878, 'Mor ve Ötesi', 'student869@lumex.com', '12345', 'student', 'İktisat', '2026-02-23 09:01:57', '2026-02-23 09:01:57'),
(879, 'maNga', 'student870@lumex.com', '12345', 'student', 'İşletme', '2026-02-23 09:01:57', '2026-02-23 09:01:57'),
(880, 'gripin', 'student871@lumex.com', '12345', 'student', 'Yönetim Bilişim Sistemleri', '2026-02-23 09:01:57', '2026-02-23 09:01:57'),
(881, 'model', 'student872@lumex.com', '12345', 'student', 'Bilgisayar Mühendisliği', '2026-02-23 09:01:57', '2026-02-23 09:01:57'),
(882, 'Pinhani', 'student873@lumex.com', '12345', 'student', 'Hukuk', '2026-02-23 09:01:57', '2026-02-23 09:01:57'),
(883, 'Zakkum', 'student874@lumex.com', '12345', 'student', 'Endüstri Mühendisliği', '2026-02-23 09:01:57', '2026-02-23 09:01:57'),
(884, 'Gece Yolcuları', 'student875@lumex.com', '12345', 'student', 'Psikoloji', '2026-02-23 09:01:57', '2026-02-23 09:01:57'),
(885, 'Kolpa', 'student876@lumex.com', '12345', 'student', 'Yazılım Mühendisliği', '2026-02-23 09:01:57', '2026-02-23 09:01:57'),
(886, 'Seksendört', 'student877@lumex.com', '12345', 'student', 'İktisat', '2026-02-23 09:01:57', '2026-02-23 09:01:57'),
(887, 'Badem', 'student878@lumex.com', '12345', 'student', 'İşletme', '2026-02-23 09:01:57', '2026-02-23 09:01:57'),
(888, 'Yüksek Sadakat', 'student879@lumex.com', '12345', 'student', 'Yönetim Bilişim Sistemleri', '2026-02-23 09:01:57', '2026-02-23 09:01:57'),
(889, 'Yirmisekiz', 'student880@lumex.com', '12345', 'student', 'Bilgisayar Mühendisliği', '2026-02-23 09:01:57', '2026-02-23 09:01:57'),
(890, 'Üç Hürel', 'student881@lumex.com', '12345', 'student', 'Hukuk', '2026-02-23 09:01:57', '2026-02-23 09:01:57'),
(891, 'Moğollar', 'student882@lumex.com', '12345', 'student', 'Endüstri Mühendisliği', '2026-02-23 09:01:57', '2026-02-23 09:01:57'),
(892, 'Kurtalan Ekspres', 'student883@lumex.com', '12345', 'student', 'Psikoloji', '2026-02-23 09:01:57', '2026-02-23 09:01:57'),
(893, 'Yeni Türkü', 'student884@lumex.com', '12345', 'student', 'Yazılım Mühendisliği', '2026-02-23 09:01:57', '2026-02-23 09:01:57'),
(894, 'Ezginin Günlüğü', 'student885@lumex.com', '12345', 'student', 'İktisat', '2026-02-23 09:01:57', '2026-02-23 09:01:57'),
(895, 'Bulutsuzluk Özlemi', 'student886@lumex.com', '12345', 'student', 'İşletme', '2026-02-23 09:01:57', '2026-02-23 09:01:57'),
(896, 'Kardeş Türküler', 'student887@lumex.com', '12345', 'student', 'Yönetim Bilişim Sistemleri', '2026-02-23 09:01:57', '2026-02-23 09:01:57'),
(897, 'Baba Zula', 'student888@lumex.com', '12345', 'student', 'Bilgisayar Mühendisliği', '2026-02-23 09:01:57', '2026-02-23 09:01:57'),
(898, 'Replikas', 'student889@lumex.com', '12345', 'student', 'Hukuk', '2026-02-23 09:01:57', '2026-02-23 09:01:57'),
(899, 'Duman', 'student890@lumex.com', '12345', 'student', 'Endüstri Mühendisliği', '2026-02-23 09:01:57', '2026-02-23 09:01:57'),
(900, 'Adamlar', 'student891@lumex.com', '12345', 'student', 'Psikoloji', '2026-02-23 09:01:57', '2026-02-23 09:01:57'),
(901, 'Yüzyüzeyken Konuşuruz', 'student892@lumex.com', '12345', 'student', 'Yazılım Mühendisliği', '2026-02-23 09:01:57', '2026-02-23 09:01:57'),
(902, 'Son Feci Bisiklet', 'student893@lumex.com', '12345', 'student', 'İktisat', '2026-02-23 09:01:57', '2026-02-23 09:01:57'),
(903, 'Büyük Ev Ablukada', 'student894@lumex.com', '12345', 'student', 'İşletme', '2026-02-23 09:01:57', '2026-02-23 09:01:57'),
(904, 'Dolu Kadehi Ters Tut', 'student895@lumex.com', '12345', 'student', 'Yönetim Bilişim Sistemleri', '2026-02-23 09:01:57', '2026-02-23 09:01:57'),
(905, 'Can Kazaz', 'student896@lumex.com', '12345', 'student', 'Bilgisayar Mühendisliği', '2026-02-23 09:01:57', '2026-02-23 09:01:57'),
(906, 'Nilipek', 'student897@lumex.com', '12345', 'student', 'Hukuk', '2026-02-23 09:01:57', '2026-02-23 09:01:57'),
(907, 'Deniz Tekin', 'student898@lumex.com', '12345', 'student', 'Endüstri Mühendisliği', '2026-02-23 09:01:57', '2026-02-23 09:01:57'),
(908, 'Sena Şener', 'student899@lumex.com', '12345', 'student', 'Psikoloji', '2026-02-23 09:01:57', '2026-02-23 09:01:57'),
(909, 'Eda Baba', 'student900@lumex.com', '12345', 'student', 'Yazılım Mühendisliği', '2026-02-23 09:01:57', '2026-02-23 09:01:57'),
(910, 'Melek Mosso', 'student901@lumex.com', '12345', 'student', 'İktisat', '2026-02-23 09:01:57', '2026-02-23 09:01:57'),
(911, 'Ceylan Ertem', 'student902@lumex.com', '12345', 'student', 'İşletme', '2026-02-23 09:01:57', '2026-02-23 09:01:57'),
(912, 'Jehan Barbur', 'student903@lumex.com', '12345', 'student', 'Yönetim Bilişim Sistemleri', '2026-02-23 09:01:57', '2026-02-23 09:01:57'),
(913, 'Birsen Tezer', 'student904@lumex.com', '12345', 'student', 'Bilgisayar Mühendisliği', '2026-02-23 09:01:57', '2026-02-23 09:01:57'),
(914, 'Şevval Sam', 'student905@lumex.com', '12345', 'student', 'Hukuk', '2026-02-23 09:01:57', '2026-02-23 09:01:57'),
(915, 'Kardeş Türküler', 'student906@lumex.com', '12345', 'student', 'Endüstri Mühendisliği', '2026-02-23 09:01:57', '2026-02-23 09:01:57'),
(916, 'Yavuz Bingöl', 'student907@lumex.com', '12345', 'student', 'Psikoloji', '2026-02-23 09:01:57', '2026-02-23 09:01:57'),
(917, 'Orhan Hakalmaz', 'student908@lumex.com', '12345', 'student', 'Yazılım Mühendisliği', '2026-02-23 09:01:57', '2026-02-23 09:01:57'),
(918, 'Zara', 'student909@lumex.com', '12345', 'student', 'İktisat', '2026-02-23 09:01:57', '2026-02-23 09:01:57'),
(919, 'Kubat', 'student910@lumex.com', '12345', 'student', 'İşletme', '2026-02-23 09:01:57', '2026-02-23 09:01:57'),
(920, 'Volkan Konak', 'student911@lumex.com', '12345', 'student', 'Yönetim Bilişim Sistemleri', '2026-02-23 09:01:57', '2026-02-23 09:01:57'),
(921, 'Selçuk Balcı', 'student912@lumex.com', '12345', 'student', 'Bilgisayar Mühendisliği', '2026-02-23 09:01:57', '2026-02-23 09:01:57'),
(922, 'Resul Dindar', 'student913@lumex.com', '12345', 'student', 'Hukuk', '2026-02-23 09:01:57', '2026-02-23 09:01:57'),
(923, 'Koray Avcı', 'student914@lumex.com', '12345', 'student', 'Endüstri Mühendisliği', '2026-02-23 09:01:57', '2026-02-23 09:01:57'),
(924, 'Halil Sezai', 'student915@lumex.com', '12345', 'student', 'Psikoloji', '2026-02-23 09:01:57', '2026-02-23 09:01:57'),
(925, 'İlyas Yalçıntaş', 'student916@lumex.com', '12345', 'student', 'Yazılım Mühendisliği', '2026-02-23 09:01:57', '2026-02-23 09:01:57'),
(926, 'Oğuzhan Koç', 'student917@lumex.com', '12345', 'student', 'İktisat', '2026-02-23 09:01:57', '2026-02-23 09:01:57'),
(927, 'Murat Dalkılıç', 'student918@lumex.com', '12345', 'student', 'İşletme', '2026-02-23 09:01:57', '2026-02-23 09:01:57'),
(928, 'Berkay Şahin', 'student919@lumex.com', '12345', 'student', 'Yönetim Bilişim Sistemleri', '2026-02-23 09:01:57', '2026-02-23 09:01:57'),
(929, 'Merve Özbey', 'student920@lumex.com', '12345', 'student', 'Bilgisayar Mühendisliği', '2026-02-23 09:01:57', '2026-02-23 09:01:57'),
(930, 'İrem Derici', 'student921@lumex.com', '12345', 'student', 'Hukuk', '2026-02-23 09:01:57', '2026-02-23 09:01:57'),
(931, 'Simge Sağın', 'student922@lumex.com', '12345', 'student', 'Endüstri Mühendisliği', '2026-02-23 09:01:57', '2026-02-23 09:01:57'),
(932, 'Ece Seçkin', 'student923@lumex.com', '12345', 'student', 'Psikoloji', '2026-02-23 09:01:57', '2026-02-23 09:01:57'),
(933, 'Derya Uluğ', 'student924@lumex.com', '12345', 'student', 'Yazılım Mühendisliği', '2026-02-23 09:01:57', '2026-02-23 09:01:57'),
(934, 'Buray Hoşsöz', 'student925@lumex.com', '12345', 'student', 'İktisat', '2026-02-23 09:01:57', '2026-02-23 09:01:57'),
(935, 'Ediz Görgülü', 'student926@lumex.com', '12345', 'student', 'İşletme', '2026-02-23 09:01:57', '2026-02-23 09:01:57'),
(936, 'Aleyna Tilki', 'student927@lumex.com', '12345', 'student', 'Yönetim Bilişim Sistemleri', '2026-02-23 09:01:57', '2026-02-23 09:01:57'),
(937, 'Zeynep Bastık', 'student928@lumex.com', '12345', 'student', 'Bilgisayar Mühendisliği', '2026-02-23 09:01:57', '2026-02-23 09:01:57'),
(938, 'Emir Can İğrek', 'student929@lumex.com', '12345', 'student', 'Hukuk', '2026-02-23 09:01:57', '2026-02-23 09:01:57'),
(939, 'Ufuk Beydemir', 'student930@lumex.com', '12345', 'student', 'Endüstri Mühendisliği', '2026-02-23 09:01:57', '2026-02-23 09:01:57'),
(940, 'Evrencan Gündüz', 'student931@lumex.com', '12345', 'student', 'Psikoloji', '2026-02-23 09:01:57', '2026-02-23 09:01:57'),
(941, 'Melike Şahin', 'student932@lumex.com', '12345', 'student', 'Yazılım Mühendisliği', '2026-02-23 09:01:57', '2026-02-23 09:01:57'),
(942, 'Can Ozan', 'student933@lumex.com', '12345', 'student', 'İktisat', '2026-02-23 09:01:57', '2026-02-23 09:01:57'),
(943, 'Deniz Tekin', 'student934@lumex.com', '12345', 'student', 'İşletme', '2026-02-23 09:01:57', '2026-02-23 09:01:57'),
(944, 'Nova Norda', 'student935@lumex.com', '12345', 'student', 'Yönetim Bilişim Sistemleri', '2026-02-23 09:01:57', '2026-02-23 09:01:57'),
(945, 'Sena Şener', 'student936@lumex.com', '12345', 'student', 'Bilgisayar Mühendisliği', '2026-02-23 09:01:57', '2026-02-23 09:01:57'),
(946, 'Sedef Sebüktekin', 'student937@lumex.com', '12345', 'student', 'Hukuk', '2026-02-23 09:01:57', '2026-02-23 09:01:57'),
(947, 'Bilinmeyen Sanatçı', 'student938@lumex.com', '12345', 'student', 'Endüstri Mühendisliği', '2026-02-23 09:01:57', '2026-02-23 09:01:57'),
(948, 'Gizemli Öğrenci', 'student939@lumex.com', '12345', 'student', 'Psikoloji', '2026-02-23 09:01:57', '2026-02-23 09:01:57'),
(949, 'Anonim Kullanıcı', 'student940@lumex.com', '12345', 'student', 'Yazılım Mühendisliği', '2026-02-23 09:01:57', '2026-02-23 09:01:57'),
(950, 'Test Öğrencisi', 'student941@lumex.com', '12345', 'student', 'İktisat', '2026-02-23 09:01:57', '2026-02-23 09:01:57'),
(951, 'Dummy User', 'student942@lumex.com', '12345', 'student', 'İşletme', '2026-02-23 09:01:57', '2026-02-23 09:01:57'),
(952, 'Lumex Üyesi', 'student943@lumex.com', '12345', 'student', 'Yönetim Bilişim Sistemleri', '2026-02-23 09:01:57', '2026-02-23 09:01:57'),
(953, 'Topluluk Başkanı', 'student944@lumex.com', '12345', 'student', 'Bilgisayar Mühendisliği', '2026-02-23 09:01:57', '2026-02-23 09:01:57'),
(954, 'Sistem Yöneticisi', 'student945@lumex.com', '12345', 'student', 'Hukuk', '2026-02-23 09:01:57', '2026-02-23 09:01:57'),
(955, 'Veritabanı Uzmanı', 'student946@lumex.com', '12345', 'student', 'Endüstri Mühendisliği', '2026-02-23 09:01:57', '2026-02-23 09:01:57'),
(956, 'Yazılım Geliştirici', 'student947@lumex.com', '12345', 'student', 'Psikoloji', '2026-02-23 09:01:57', '2026-02-23 09:01:57'),
(957, 'Frontend Dev', 'student948@lumex.com', '12345', 'student', 'Yazılım Mühendisliği', '2026-02-23 09:01:57', '2026-02-23 09:01:57'),
(958, 'Backend Dev', 'student949@lumex.com', '12345', 'student', 'İktisat', '2026-02-23 09:01:57', '2026-02-23 09:01:57'),
(959, 'Fullstack Dev', 'student950@lumex.com', '12345', 'student', 'İşletme', '2026-02-23 09:01:57', '2026-02-23 09:01:57'),
(960, 'NextJS Uzmanı', 'student951@lumex.com', '12345', 'student', 'Yönetim Bilişim Sistemleri', '2026-02-23 09:01:57', '2026-02-23 09:01:57'),
(961, 'React Aşığı', 'student952@lumex.com', '12345', 'student', 'Bilgisayar Mühendisliği', '2026-02-23 09:01:57', '2026-02-23 09:01:57'),
(962, 'SQL Canavarı', 'student953@lumex.com', '12345', 'student', 'Hukuk', '2026-02-23 09:01:57', '2026-02-23 09:01:57'),
(963, 'Tailwind Fanatik', 'student954@lumex.com', '12345', 'student', 'Endüstri Mühendisliği', '2026-02-23 09:01:57', '2026-02-23 09:01:57'),
(964, 'TypeScript Sever', 'student955@lumex.com', '12345', 'student', 'Psikoloji', '2026-02-23 09:01:57', '2026-02-23 09:01:57'),
(965, 'Lumex Consulting', 'student956@lumex.com', '12345', 'student', 'Yazılım Mühendisliği', '2026-02-23 09:01:57', '2026-02-23 09:01:57'),
(966, 'Üniversite Elçisi', 'student957@lumex.com', '12345', 'student', 'İktisat', '2026-02-23 09:01:57', '2026-02-23 09:01:57'),
(967, 'Kariyer Odaklı', 'student958@lumex.com', '12345', 'student', 'İşletme', '2026-02-23 09:01:57', '2026-02-23 09:01:57'),
(968, 'Sosyal Kelebek', 'student959@lumex.com', '12345', 'student', 'Yönetim Bilişim Sistemleri', '2026-02-23 09:01:57', '2026-02-23 09:01:57'),
(969, 'Akademik Başarı', 'student960@lumex.com', '12345', 'student', 'Bilgisayar Mühendisliği', '2026-02-23 09:01:57', '2026-02-23 09:01:57'),
(970, 'Öğrenci Temsilcisi', 'student961@lumex.com', '12345', 'student', 'Hukuk', '2026-02-23 09:01:57', '2026-02-23 09:01:57'),
(971, 'Etkinlik Canavarı', 'student962@lumex.com', '12345', 'student', 'Endüstri Mühendisliği', '2026-02-23 09:01:57', '2026-02-23 09:01:57'),
(972, 'Proje Koordinatörü', 'student963@lumex.com', '12345', 'student', 'Psikoloji', '2026-02-23 09:01:57', '2026-02-23 09:01:57'),
(973, 'Bölüm Başkanı', 'student964@lumex.com', '12345', 'student', 'Yazılım Mühendisliği', '2026-02-23 09:01:57', '2026-02-23 09:01:57'),
(974, 'Fakülte Temsilcisi', 'student965@lumex.com', '12345', 'student', 'İktisat', '2026-02-23 09:01:57', '2026-02-23 09:01:57'),
(975, 'Kampüs Lideri', 'student966@lumex.com', '12345', 'student', 'İşletme', '2026-02-23 09:01:57', '2026-02-23 09:01:57'),
(976, 'Girişimci Ruh', 'student967@lumex.com', '12345', 'student', 'Yönetim Bilişim Sistemleri', '2026-02-23 09:01:57', '2026-02-23 09:01:57'),
(977, 'İnovasyon Elçisi', 'student968@lumex.com', '12345', 'student', 'Bilgisayar Mühendisliği', '2026-02-23 09:01:57', '2026-02-23 09:01:57'),
(978, 'Teknoloji Meraklısı', 'student969@lumex.com', '12345', 'student', 'Hukuk', '2026-02-23 09:01:57', '2026-02-23 09:01:57'),
(979, 'Bilim İnsanı', 'student970@lumex.com', '12345', 'student', 'Endüstri Mühendisliği', '2026-02-23 09:01:57', '2026-02-23 09:01:57'),
(980, 'Sanat Sever', 'student971@lumex.com', '12345', 'student', 'Psikoloji', '2026-02-23 09:01:57', '2026-02-23 09:01:57'),
(981, 'Spor Tutkunu', 'student972@lumex.com', '12345', 'student', 'Yazılım Mühendisliği', '2026-02-23 09:01:57', '2026-02-23 09:01:57'),
(982, 'Müzik Aşığı', 'student973@lumex.com', '12345', 'student', 'İktisat', '2026-02-23 09:01:57', '2026-02-23 09:01:57'),
(983, 'Gezgin Ruh', 'student974@lumex.com', '12345', 'student', 'İşletme', '2026-02-23 09:01:57', '2026-02-23 09:01:57'),
(984, 'Kitap Kurdu', 'student975@lumex.com', '12345', 'student', 'Yönetim Bilişim Sistemleri', '2026-02-23 09:01:57', '2026-02-23 09:01:57'),
(985, 'Sinema Tutkunu', 'student976@lumex.com', '12345', 'student', 'Bilgisayar Mühendisliği', '2026-02-23 09:01:57', '2026-02-23 09:01:57'),
(986, 'Tiyatro Aşığı', 'student977@lumex.com', '12345', 'student', 'Hukuk', '2026-02-23 09:01:57', '2026-02-23 09:01:57'),
(987, 'Doğa Dostu', 'student978@lumex.com', '12345', 'student', 'Endüstri Mühendisliği', '2026-02-23 09:01:57', '2026-02-23 09:01:57'),
(988, 'Hayvan Sever', 'student979@lumex.com', '12345', 'student', 'Psikoloji', '2026-02-23 09:01:57', '2026-02-23 09:01:57'),
(989, 'Gönüllü Yürek', 'student980@lumex.com', '12345', 'student', 'Yazılım Mühendisliği', '2026-02-23 09:01:57', '2026-02-23 09:01:57'),
(990, 'Yardımsever El', 'student981@lumex.com', '12345', 'student', 'İktisat', '2026-02-23 09:01:57', '2026-02-23 09:01:57'),
(991, 'Duyarlı Genç', 'student982@lumex.com', '12345', 'student', 'İşletme', '2026-02-23 09:01:57', '2026-02-23 09:01:57'),
(992, 'Aktif Vatandaş', 'student983@lumex.com', '12345', 'student', 'Yönetim Bilişim Sistemleri', '2026-02-23 09:01:57', '2026-02-23 09:01:57'),
(993, 'Küresel Vizyon', 'student984@lumex.com', '12345', 'student', 'Bilgisayar Mühendisliği', '2026-02-23 09:01:57', '2026-02-23 09:01:57'),
(994, 'Yerel Değer', 'student985@lumex.com', '12345', 'student', 'Hukuk', '2026-02-23 09:01:57', '2026-02-23 09:01:57'),
(995, 'Kültürel Miras', 'student986@lumex.com', '12345', 'student', 'Endüstri Mühendisliği', '2026-02-23 09:01:57', '2026-02-23 09:01:57'),
(996, 'Tarih Meraklısı', 'student987@lumex.com', '12345', 'student', 'Psikoloji', '2026-02-23 09:01:57', '2026-02-23 09:01:57'),
(997, 'Felsefe Sever', 'student988@lumex.com', '12345', 'student', 'Yazılım Mühendisliği', '2026-02-23 09:01:57', '2026-02-23 09:01:57'),
(998, 'Siyaset Bilimci', 'student989@lumex.com', '12345', 'student', 'İktisat', '2026-02-23 09:01:57', '2026-02-23 09:01:57'),
(999, 'Sosyolog Adayı', 'student990@lumex.com', '12345', 'student', 'İşletme', '2026-02-23 09:01:57', '2026-02-23 09:01:57'),
(1000, 'Psikolog Adayı', 'student991@lumex.com', '12345', 'student', 'Yönetim Bilişim Sistemleri', '2026-02-23 09:01:57', '2026-02-23 09:01:57'),
(1001, 'Hukukçu Adayı', 'student992@lumex.com', '12345', 'student', 'Bilgisayar Mühendisliği', '2026-02-23 09:01:57', '2026-02-23 09:01:57'),
(1002, 'Mühendis Adayı', 'student993@lumex.com', '12345', 'student', 'Hukuk', '2026-02-23 09:01:57', '2026-02-23 09:01:57'),
(1003, 'İşletmeci Adayı', 'student994@lumex.com', '12345', 'student', 'Endüstri Mühendisliği', '2026-02-23 09:01:57', '2026-02-23 09:01:57'),
(1004, 'Ekonomist Adayı', 'student995@lumex.com', '12345', 'student', 'Psikoloji', '2026-02-23 09:01:57', '2026-02-23 09:01:57'),
(1005, 'Geleceğin Lideri', 'student996@lumex.com', '12345', 'student', 'Yazılım Mühendisliği', '2026-02-23 09:01:57', '2026-02-23 09:01:57'),
(1006, 'Lumex Yıldızı', 'student997@lumex.com', '12345', 'student', 'İktisat', '2026-02-23 09:01:57', '2026-02-23 09:01:57'),
(1007, 'Başarı Odaklı', 'student998@lumex.com', '12345', 'student', 'İşletme', '2026-02-23 09:01:57', '2026-02-23 09:01:57'),
(1008, 'Azimli Öğrenci', 'student999@lumex.com', '12345', 'student', 'Yönetim Bilişim Sistemleri', '2026-02-23 09:01:57', '2026-02-23 09:01:57'),
(1009, 'Kaan Tekin', 'student1000@lumex.com', '12345', 'student', 'Bilgisayar Mühendisliği', '2026-02-23 09:01:57', '2026-02-23 09:01:57'),
(1010, 'SKS Daire Başkanlığı', 'admin1@lumex.com', '12345', 'admin', 'Sağlık Kültür Spor Daire Bşk.', '2026-02-23 09:02:35', '2026-02-23 09:02:35'),
(1011, 'Rektörlük Özel Kalem', 'admin2@lumex.com', '12345', 'admin', 'Rektörlük', '2026-02-23 09:02:35', '2026-02-23 09:02:35'),
(1012, 'Öğrenci İşleri Daire Bşk.', 'admin3@lumex.com', '12345', 'admin', 'Öğrenci İşleri', '2026-02-23 09:02:35', '2026-02-23 09:02:35'),
(1013, 'Bilgi İşlem Merkezi', 'admin4@lumex.com', '12345', 'admin', 'Bilgi İşlem', '2026-02-23 09:02:35', '2026-02-23 09:02:35'),
(1014, 'Genel Sekreterlik', 'admin5@lumex.com', '12345', 'admin', 'Genel Sekreterlik', '2026-02-23 09:02:35', '2026-02-23 09:02:35'),
(1015, 'Prof. Dr. Mehmet Öz', 'advisor1@lumex.com', '12345', 'advisor', 'Bilgisayar Mühendisliği', '2026-02-23 09:02:35', '2026-02-23 09:02:35'),
(1016, 'Doç. Dr. Selin Aras', 'advisor2@lumex.com', '12345', 'advisor', 'Yönetim Bilişim Sistemleri', '2026-02-23 09:02:35', '2026-02-23 09:02:35'),
(1017, 'Dr. Öğr. Üyesi Ali Akın', 'advisor3@lumex.com', '12345', 'advisor', 'İşletme', '2026-02-23 09:02:35', '2026-02-23 09:02:35'),
(1018, 'Prof. Dr. Ayşe Yılmaz', 'advisor4@lumex.com', '12345', 'advisor', 'Endüstri Mühendisliği', '2026-02-23 09:02:35', '2026-02-23 09:02:35'),
(1019, 'Doç. Dr. Caner Erkin', 'advisor5@lumex.com', '12345', 'advisor', 'Psikoloji', '2026-02-23 09:02:35', '2026-02-23 09:02:35'),
(1020, 'Dr. Fatma Şahin', 'advisor6@lumex.com', '12345', 'advisor', 'Hukuk', '2026-02-23 09:02:35', '2026-02-23 09:02:35'),
(1021, 'Prof. Dr. Mustafa Can', 'advisor7@lumex.com', '12345', 'advisor', 'Yazılım Mühendisliği', '2026-02-23 09:02:35', '2026-02-23 09:02:35'),
(1022, 'Doç. Dr. Zeynep Bulut', 'advisor8@lumex.com', '12345', 'advisor', 'İktisat', '2026-02-23 09:02:35', '2026-02-23 09:02:35'),
(1023, 'Dr. Burak Yılmaz', 'advisor9@lumex.com', '12345', 'advisor', 'İşletme', '2026-02-23 09:02:35', '2026-02-23 09:02:35'),
(1024, 'Prof. Dr. Gamze Erçel', 'advisor10@lumex.com', '12345', 'advisor', 'Yönetim Bilişim Sistemleri', '2026-02-23 09:02:35', '2026-02-23 09:02:35'),
(1025, 'Doç. Dr. Onur Şen', 'advisor11@lumex.com', '12345', 'advisor', 'Bilgisayar Mühendisliği', '2026-02-23 09:02:35', '2026-02-23 09:02:35'),
(1026, 'Dr. Deniz Akın', 'advisor12@lumex.com', '12345', 'advisor', 'Hukuk', '2026-02-23 09:02:35', '2026-02-23 09:02:35'),
(1027, 'Prof. Dr. Hakan Demir', 'advisor13@lumex.com', '12345', 'advisor', 'Endüstri Mühendisliği', '2026-02-23 09:02:35', '2026-02-23 09:02:35'),
(1028, 'Doç. Dr. Aslı Güngör', 'advisor14@lumex.com', '12345', 'advisor', 'Psikoloji', '2026-02-23 09:02:35', '2026-02-23 09:02:35'),
(1029, 'Dr. Murat Boz', 'advisor15@lumex.com', '12345', 'advisor', 'Yazılım Mühendisliği', '2026-02-23 09:02:35', '2026-02-23 09:02:35'),
(1030, 'Prof. Dr. Ece Seçkin', 'advisor16@lumex.com', '12345', 'advisor', 'İktisat', '2026-02-23 09:02:35', '2026-02-23 09:02:35'),
(1031, 'Doç. Dr. Serkan Çayoğlu', 'advisor17@lumex.com', '12345', 'advisor', 'İşletme', '2026-02-23 09:02:35', '2026-02-23 09:02:35'),
(1032, 'Dr. Demet Özdemir', 'advisor18@lumex.com', '12345', 'advisor', 'Yönetim Bilişim Sistemleri', '2026-02-23 09:02:35', '2026-02-23 09:02:35'),
(1033, 'Prof. Dr. Engin Akyürek', 'advisor19@lumex.com', '12345', 'advisor', 'Bilgisayar Mühendisliği', '2026-02-23 09:02:35', '2026-02-23 09:02:35'),
(1034, 'Doç. Dr. Neslihan Atagül', 'advisor20@lumex.com', '12345', 'advisor', 'Hukuk', '2026-02-23 09:02:35', '2026-02-23 09:02:35'),
(1035, 'Dr. Burak Özçivit', 'advisor21@lumex.com', '12345', 'advisor', 'Endüstri Mühendisliği', '2026-02-23 09:02:35', '2026-02-23 09:02:35'),
(1036, 'Prof. Dr. Fahriye Evcen', 'advisor22@lumex.com', '12345', 'advisor', 'Psikoloji', '2026-02-23 09:02:35', '2026-02-23 09:02:35'),
(1037, 'Doç. Dr. Kadir Doğulu', 'advisor23@lumex.com', '12345', 'advisor', 'Yazılım Mühendisliği', '2026-02-23 09:02:35', '2026-02-23 09:02:35'),
(1038, 'Dr. Tuba Büyüküstün', 'advisor24@lumex.com', '12345', 'advisor', 'İktisat', '2026-02-23 09:02:35', '2026-02-23 09:02:35'),
(1039, 'Prof. Dr. Kıvanç Tatlıtuğ', 'advisor25@lumex.com', '12345', 'advisor', 'İşletme', '2026-02-23 09:02:35', '2026-02-23 09:02:35'),
(1040, 'Doç. Dr. Beren Saat', 'advisor26@lumex.com', '12345', 'advisor', 'Yönetim Bilişim Sistemleri', '2026-02-23 09:02:35', '2026-02-23 09:02:35'),
(1041, 'Dr. Hazal Kaya', 'advisor27@lumex.com', '12345', 'advisor', 'Bilgisayar Mühendisliği', '2026-02-23 09:02:35', '2026-02-23 09:02:35'),
(1042, 'Prof. Dr. Çağatay Ulusoy', 'advisor28@lumex.com', '12345', 'advisor', 'Hukuk', '2026-02-23 09:02:35', '2026-02-23 09:02:35'),
(1043, 'Doç. Dr. Aras Bulut İynemli', 'advisor29@lumex.com', '12345', 'advisor', 'Endüstri Mühendisliği', '2026-02-23 09:02:35', '2026-02-23 09:02:35'),
(1044, 'Dr. Dilan Çiçek Deniz', 'advisor30@lumex.com', '12345', 'advisor', 'Psikoloji', '2026-02-23 09:02:35', '2026-02-23 09:02:35'),
(1045, 'Prof. Dr. Mert Yazıcıoğlu', 'advisor31@lumex.com', '12345', 'advisor', 'Yazılım Mühendisliği', '2026-02-23 09:02:35', '2026-02-23 09:02:35'),
(1046, 'Doç. Dr. Afra Saraçoğlu', 'advisor32@lumex.com', '12345', 'advisor', 'İktisat', '2026-02-23 09:02:35', '2026-02-23 09:02:35'),
(1047, 'Dr. Alp Navruz', 'advisor33@lumex.com', '12345', 'advisor', 'İşletme', '2026-02-23 09:02:35', '2026-02-23 09:02:35'),
(1048, 'Prof. Dr. Ayça Ayşin Turan', 'advisor34@lumex.com', '12345', 'advisor', 'Yönetim Bilişim Sistemleri', '2026-02-23 09:02:35', '2026-02-23 09:02:35'),
(1049, 'Doç. Dr. Ozan Dolunay', 'advisor35@lumex.com', '12345', 'advisor', 'Bilgisayar Mühendisliği', '2026-02-23 09:02:35', '2026-02-23 09:02:35'),
(1050, 'Dr. Bahar Şahin', 'advisor36@lumex.com', '12345', 'advisor', 'Hukuk', '2026-02-23 09:02:35', '2026-02-23 09:02:35'),
(1051, 'Prof. Dr. Berker Güven', 'advisor37@lumex.com', '12345', 'advisor', 'Endüstri Mühendisliği', '2026-02-23 09:02:35', '2026-02-23 09:02:35'),
(1052, 'Doç. Dr. Sera Kutlubey', 'advisor38@lumex.com', '12345', 'advisor', 'Psikoloji', '2026-02-23 09:02:35', '2026-02-23 09:02:35'),
(1053, 'Dr. İsmail Ege Şaşmaz', 'advisor39@lumex.com', '12345', 'advisor', 'Yazılım Mühendisliği', '2026-02-23 09:02:35', '2026-02-23 09:02:35'),
(1054, 'Prof. Dr. Aytaç Şaşmaz', 'advisor40@lumex.com', '12345', 'advisor', 'İktisat', '2026-02-23 09:02:35', '2026-02-23 09:02:35'),
(1055, 'Doç. Dr. Cemre Baysel', 'advisor41@lumex.com', '12345', 'advisor', 'İşletme', '2026-02-23 09:02:35', '2026-02-23 09:02:35'),
(1056, 'Dr. Eda Ece', 'advisor42@lumex.com', '12345', 'advisor', 'Yönetim Bilişim Sistemleri', '2026-02-23 09:02:35', '2026-02-23 09:02:35'),
(1057, 'Prof. Dr. Şevval Sam', 'advisor43@lumex.com', '12345', 'advisor', 'Bilgisayar Mühendisliği', '2026-02-23 09:02:35', '2026-02-23 09:02:35'),
(1058, 'Doç. Dr. Biran Damla Yılmaz', 'advisor44@lumex.com', '12345', 'advisor', 'Hukuk', '2026-02-23 09:02:35', '2026-02-23 09:02:35'),
(1059, 'Dr. Furkan Andıç', 'advisor45@lumex.com', '12345', 'advisor', 'Endüstri Mühendisliği', '2026-02-23 09:02:35', '2026-02-23 09:02:35'),
(1060, 'Prof. Dr. Aybüke Pusat', 'advisor46@lumex.com', '12345', 'advisor', 'Psikoloji', '2026-02-23 09:02:35', '2026-02-23 09:02:35'),
(1061, 'Doç. Dr. Deniz Can Aktaş', 'advisor47@lumex.com', '12345', 'advisor', 'Yazılım Mühendisliği', '2026-02-23 09:02:35', '2026-02-23 09:02:35'),
(1062, 'Dr. Hafsanur Sancaktutan', 'advisor48@lumex.com', '12345', 'advisor', 'İktisat', '2026-02-23 09:02:35', '2026-02-23 09:02:35'),
(1063, 'Prof. Dr. Onur Seyit Yaran', 'advisor49@lumex.com', '12345', 'advisor', 'İşletme', '2026-02-23 09:02:35', '2026-02-23 09:02:35'),
(1064, 'Doç. Dr. Su Burcu Yazgı Coşkun', 'advisor50@lumex.com', '12345', 'advisor', 'Yönetim Bilişim Sistemleri', '2026-02-23 09:02:35', '2026-02-23 09:02:35');

--
-- Dökümü yapılmış tablolar için indeksler
--

--
-- Tablo için indeksler `advisors`
--
ALTER TABLE `advisors`
  ADD PRIMARY KEY (`id`),
  ADD KEY `user_id` (`user_id`);

--
-- Tablo için indeksler `announcements`
--
ALTER TABLE `announcements`
  ADD PRIMARY KEY (`id`),
  ADD KEY `community_id` (`community_id`),
  ADD KEY `application_id` (`application_id`);

--
-- Tablo için indeksler `applications`
--
ALTER TABLE `applications`
  ADD PRIMARY KEY (`id`),
  ADD KEY `community_id` (`community_id`),
  ADD KEY `sent_by` (`sent_by`);

--
-- Tablo için indeksler `application_status_log`
--
ALTER TABLE `application_status_log`
  ADD PRIMARY KEY (`id`),
  ADD KEY `application_id` (`application_id`),
  ADD KEY `changed_by` (`changed_by`);

--
-- Tablo için indeksler `communities`
--
ALTER TABLE `communities`
  ADD PRIMARY KEY (`id`),
  ADD KEY `type_id` (`type_id`),
  ADD KEY `advisor_id` (`advisor_id`),
  ADD KEY `fk_president` (`president_member_id`);

--
-- Tablo için indeksler `community_members`
--
ALTER TABLE `community_members`
  ADD PRIMARY KEY (`id`),
  ADD KEY `user_id` (`user_id`),
  ADD KEY `role_id` (`role_id`),
  ADD KEY `fk_community` (`community_id`);

--
-- Tablo için indeksler `community_requests`
--
ALTER TABLE `community_requests`
  ADD PRIMARY KEY (`id`),
  ADD KEY `community_id` (`community_id`),
  ADD KEY `user_id` (`user_id`);

--
-- Tablo için indeksler `community_types`
--
ALTER TABLE `community_types`
  ADD PRIMARY KEY (`id`);

--
-- Tablo için indeksler `events`
--
ALTER TABLE `events`
  ADD PRIMARY KEY (`id`),
  ADD KEY `community_id` (`community_id`);

--
-- Tablo için indeksler `event_participants`
--
ALTER TABLE `event_participants`
  ADD PRIMARY KEY (`id`),
  ADD KEY `event_id` (`event_id`),
  ADD KEY `user_id` (`user_id`);

--
-- Tablo için indeksler `member_roles`
--
ALTER TABLE `member_roles`
  ADD PRIMARY KEY (`id`);

--
-- Tablo için indeksler `sliders`
--
ALTER TABLE `sliders`
  ADD PRIMARY KEY (`id`);

--
-- Tablo için indeksler `users`
--
ALTER TABLE `users`
  ADD PRIMARY KEY (`id`),
  ADD UNIQUE KEY `email` (`email`);

--
-- Dökümü yapılmış tablolar için AUTO_INCREMENT değeri
--

--
-- Tablo için AUTO_INCREMENT değeri `advisors`
--
ALTER TABLE `advisors`
  MODIFY `id` int(11) NOT NULL AUTO_INCREMENT, AUTO_INCREMENT=53;

--
-- Tablo için AUTO_INCREMENT değeri `announcements`
--
ALTER TABLE `announcements`
  MODIFY `id` int(11) NOT NULL AUTO_INCREMENT, AUTO_INCREMENT=16;

--
-- Tablo için AUTO_INCREMENT değeri `applications`
--
ALTER TABLE `applications`
  MODIFY `id` int(11) NOT NULL AUTO_INCREMENT, AUTO_INCREMENT=4;

--
-- Tablo için AUTO_INCREMENT değeri `application_status_log`
--
ALTER TABLE `application_status_log`
  MODIFY `id` int(11) NOT NULL AUTO_INCREMENT, AUTO_INCREMENT=2;

--
-- Tablo için AUTO_INCREMENT değeri `communities`
--
ALTER TABLE `communities`
  MODIFY `id` int(11) NOT NULL AUTO_INCREMENT, AUTO_INCREMENT=53;

--
-- Tablo için AUTO_INCREMENT değeri `community_members`
--
ALTER TABLE `community_members`
  MODIFY `id` int(11) NOT NULL AUTO_INCREMENT, AUTO_INCREMENT=855;

--
-- Tablo için AUTO_INCREMENT değeri `community_requests`
--
ALTER TABLE `community_requests`
  MODIFY `id` int(11) NOT NULL AUTO_INCREMENT, AUTO_INCREMENT=3;

--
-- Tablo için AUTO_INCREMENT değeri `community_types`
--
ALTER TABLE `community_types`
  MODIFY `id` int(11) NOT NULL AUTO_INCREMENT, AUTO_INCREMENT=3;

--
-- Tablo için AUTO_INCREMENT değeri `events`
--
ALTER TABLE `events`
  MODIFY `id` int(11) NOT NULL AUTO_INCREMENT;

--
-- Tablo için AUTO_INCREMENT değeri `event_participants`
--
ALTER TABLE `event_participants`
  MODIFY `id` int(11) NOT NULL AUTO_INCREMENT;

--
-- Tablo için AUTO_INCREMENT değeri `member_roles`
--
ALTER TABLE `member_roles`
  MODIFY `id` int(11) NOT NULL AUTO_INCREMENT, AUTO_INCREMENT=12;

--
-- Tablo için AUTO_INCREMENT değeri `sliders`
--
ALTER TABLE `sliders`
  MODIFY `id` int(11) NOT NULL AUTO_INCREMENT, AUTO_INCREMENT=6;

--
-- Tablo için AUTO_INCREMENT değeri `users`
--
ALTER TABLE `users`
  MODIFY `id` int(11) NOT NULL AUTO_INCREMENT, AUTO_INCREMENT=1065;

--
-- Dökümü yapılmış tablolar için kısıtlamalar
--

--
-- Tablo kısıtlamaları `advisors`
--
ALTER TABLE `advisors`
  ADD CONSTRAINT `advisors_ibfk_1` FOREIGN KEY (`user_id`) REFERENCES `users` (`id`) ON DELETE CASCADE;

--
-- Tablo kısıtlamaları `announcements`
--
ALTER TABLE `announcements`
  ADD CONSTRAINT `announcements_ibfk_1` FOREIGN KEY (`community_id`) REFERENCES `communities` (`id`) ON DELETE CASCADE,
  ADD CONSTRAINT `announcements_ibfk_2` FOREIGN KEY (`application_id`) REFERENCES `applications` (`id`) ON DELETE SET NULL;

--
-- Tablo kısıtlamaları `applications`
--
ALTER TABLE `applications`
  ADD CONSTRAINT `applications_ibfk_1` FOREIGN KEY (`community_id`) REFERENCES `communities` (`id`) ON DELETE CASCADE,
  ADD CONSTRAINT `applications_ibfk_2` FOREIGN KEY (`sent_by`) REFERENCES `users` (`id`);

--
-- Tablo kısıtlamaları `application_status_log`
--
ALTER TABLE `application_status_log`
  ADD CONSTRAINT `application_status_log_ibfk_1` FOREIGN KEY (`application_id`) REFERENCES `applications` (`id`) ON DELETE CASCADE,
  ADD CONSTRAINT `application_status_log_ibfk_2` FOREIGN KEY (`changed_by`) REFERENCES `users` (`id`);

--
-- Tablo kısıtlamaları `communities`
--
ALTER TABLE `communities`
  ADD CONSTRAINT `communities_ibfk_1` FOREIGN KEY (`type_id`) REFERENCES `community_types` (`id`),
  ADD CONSTRAINT `communities_ibfk_2` FOREIGN KEY (`advisor_id`) REFERENCES `advisors` (`id`),
  ADD CONSTRAINT `fk_president` FOREIGN KEY (`president_member_id`) REFERENCES `community_members` (`id`) ON DELETE SET NULL;

--
-- Tablo kısıtlamaları `community_members`
--
ALTER TABLE `community_members`
  ADD CONSTRAINT `community_members_ibfk_1` FOREIGN KEY (`user_id`) REFERENCES `users` (`id`) ON DELETE CASCADE,
  ADD CONSTRAINT `community_members_ibfk_2` FOREIGN KEY (`role_id`) REFERENCES `member_roles` (`id`),
  ADD CONSTRAINT `fk_community` FOREIGN KEY (`community_id`) REFERENCES `communities` (`id`) ON DELETE CASCADE;

--
-- Tablo kısıtlamaları `community_requests`
--
ALTER TABLE `community_requests`
  ADD CONSTRAINT `community_requests_ibfk_1` FOREIGN KEY (`community_id`) REFERENCES `communities` (`id`) ON DELETE CASCADE,
  ADD CONSTRAINT `community_requests_ibfk_2` FOREIGN KEY (`user_id`) REFERENCES `users` (`id`) ON DELETE CASCADE;

--
-- Tablo kısıtlamaları `events`
--
ALTER TABLE `events`
  ADD CONSTRAINT `events_ibfk_1` FOREIGN KEY (`community_id`) REFERENCES `communities` (`id`) ON DELETE CASCADE;

--
-- Tablo kısıtlamaları `event_participants`
--
ALTER TABLE `event_participants`
  ADD CONSTRAINT `event_participants_ibfk_1` FOREIGN KEY (`event_id`) REFERENCES `events` (`id`) ON DELETE CASCADE,
  ADD CONSTRAINT `event_participants_ibfk_2` FOREIGN KEY (`user_id`) REFERENCES `users` (`id`) ON DELETE CASCADE;
COMMIT;

/*!40101 SET CHARACTER_SET_CLIENT=@OLD_CHARACTER_SET_CLIENT */;
/*!40101 SET CHARACTER_SET_RESULTS=@OLD_CHARACTER_SET_RESULTS */;
/*!40101 SET COLLATION_CONNECTION=@OLD_COLLATION_CONNECTION */;
